Datetime,Open,High,Low,Close,Volume,RSI14,MA5,MA25,MA75
2026-08-11T12:00:00+0900,63979.9,64110.1,63979.9,64074.7,0.0,,,,
2026-08-11T13:00:00+0900,64072.0,64094.4,63960.2,63960.2,99895296.0,,,,
2026-08-11T14:00:00+0900,63955.6,63992.2,63889.6,63926.9,148107264.0,,,,
2026-08-11T15:00:00+0900,63926.9,63985.3,63798.2,63897.9,0.0,,,,
2026-08-11T16:00:00+0900,63897.9,64049.3,63836.6,63999.2,86181888.0,,63971.8,,
2026-08-11T17:00:00+0900,64004.2,64084.2,63975.0,64073.9,0.0,,63971.6,,
2026-08-11T18:00:00+0900,64073.9,64242.4,64059.4,64242.4,0.0,,64028.1,,
2026-08-11T19:00:00+0900,64244.2,64253.0,64141.4,64171.2,150532096.0,,64076.9,,
2026-08-11T20:00:00+0900,64202.3,64347.6,64194.7,64327.2,349552640.0,,64162.8,,
2026-08-11T21:00:00+0900,64347.9,64434.7,64229.6,64266.5,101439488.0,,64216.2,,
2026-08-11T22:00:00+0900,64263.3,64315.9,63988.1,64140.0,5517312.0,,64229.5,,
2026-08-11T23:00:00+0900,64129.9,64202.3,63651.1,63714.0,72439808.0,,64123.8,,
2026-08-12T00:00:00+0900,63691.5,63813.0,63386.9,63541.4,464998400.0,,63997.8,,
2026-08-12T01:00:00+0900,63486.0,63594.1,63392.4,63440.6,0.0,,63820.5,,
2026-08-12T02:00:00+0900,63438.7,63567.4,63390.5,63537.1,0.0,21.2,63674.6,,
2026-08-12T03:00:00+0900,63524.1,63562.2,63203.1,63305.8,0.0,18.6,63507.8,,
2026-08-12T04:00:00+0900,63304.8,63479.4,63173.6,63478.0,0.0,25.9,63460.6,,
2026-08-12T05:00:00+0900,63476.0,63691.4,63469.4,63682.2,271638528.0,33.5,63488.7,,
2026-08-12T06:00:00+0900,63675.2,63700.6,63553.9,63615.6,12924928.0,32.3,63523.7,,
2026-08-12T07:00:00+0900,63624.5,63711.0,63558.6,63604.7,44627968.0,32.1,63537.2,,
2026-08-12T08:00:00+0900,63604.7,63604.7,63480.1,63531.8,2052096.0,30.8,63582.4,,
2026-08-12T09:00:00+0900,63525.1,63687.9,63466.1,63685.0,0.0,36.8,63623.8,,
2026-08-12T10:00:00+0900,63685.0,63798.6,63628.4,63760.9,0.0,39.6,63639.6,,
2026-08-12T11:00:00+0900,63775.6,63848.0,63665.8,63687.9,716976128.0,37.9,63654.1,,
2026-08-12T12:00:00+0900,63695.0,63784.0,63638.5,63762.0,40464384.0,40.7,63685.5,63817.1,
2026-08-12T13:00:00+0900,63766.4,63830.0,63670.3,63713.6,0.0,39.5,63721.9,63802.6,
2026-08-12T14:00:00+0900,63713.6,63809.9,63663.9,63786.8,420454400.0,42.4,63742.3,63795.7,
2026-08-12T15:00:00+0900,63780.1,63780.1,63534.0,63650.7,265777152.0,38.6,63720.2,63784.6,
2026-08-12T16:00:00+0900,63652.1,63767.0,63570.5,63767.0,84150272.0,43.3,63736.0,63779.4,
2026-08-12T17:00:00+0900,63767.6,63798.8,63705.6,63730.5,271355904.0,42.2,63729.7,63768.7,
2026-08-12T18:00:00+0900,63731.0,64052.3,63698.4,64052.3,109529088.0,53.2,63797.5,63767.8,
2026-08-12T19:00:00+0900,64054.8,64154.0,64002.6,64080.0,597952512.0,54.0,63856.1,63761.3,
2026-08-12T20:00:00+0900,64096.1,64189.4,64054.6,64175.9,0.0,56.8,63961.2,63761.5,
2026-08-12T21:00:00+0900,64187.5,64383.8,63921.0,64066.4,1067313152.0,52.9,64021.0,63751.1,
2026-08-12T22:00:00+0900,64067.2,64100.0,63770.9,63780.6,0.0,44.2,64031.0,63731.6,
2026-08-12T23:00:00+0900,63743.1,63848.1,63287.7,63296.7,279646208.0,34.1,63879.9,63697.9,
2026-08-13T00:00:00+0900,63296.7,63501.6,63248.9,63368.6,0.0,36.4,63737.7,63684.1,
2026-08-13T01:00:00+0900,63367.3,63512.7,63283.7,63427.4,0.0,38.3,63588.0,63679.5,
2026-08-13T02:00:00+0900,63424.6,63485.1,63335.0,63398.8,0.0,37.7,63454.4,63677.9,
2026-08-13T03:00:00+0900,63385.6,63453.6,63300.2,63309.6,0.0,35.8,63360.2,63668.8,
2026-08-13T04:00:00+0900,63305.4,63395.1,63241.2,63345.7,0.0,37.2,63370.0,63670.4,
2026-08-13T05:00:00+0900,63350.8,63535.5,63349.2,63535.5,0.0,44.0,63403.4,63672.7,
2026-08-13T06:00:00+0900,63537.0,63577.6,63356.4,63403.2,51781632.0,40.7,63398.6,63661.5,
2026-08-13T07:00:00+0900,63392.4,63473.8,63297.5,63361.6,76079104.0,39.7,63391.1,63651.3,
2026-08-13T08:00:00+0900,63361.6,63417.1,63305.1,63413.1,517941248.0,41.6,63411.8,63643.7,
2026-08-13T09:00:00+0900,63406.8,63633.7,63392.4,63489.8,232583168.0,44.4,63440.6,63642.0,
2026-08-13T10:00:00+0900,63487.3,63567.5,63309.0,63385.5,0.0,41.5,63410.6,63630.0,
2026-08-13T11:00:00+0900,63381.6,63514.8,63303.7,63479.1,342726656.0,45.0,63425.8,63618.7,
2026-08-13T12:00:00+0900,63478.8,63614.7,63445.5,63580.3,18593792.0,48.6,63469.5,63614.4,
2026-08-13T13:00:00+0900,63580.3,63698.7,63526.6,63627.4,0.0,50.2,63512.4,63609.0,
2026-08-13T14:00:00+0900,63624.4,63947.6,63599.8,63806.0,0.0,56.0,63575.7,63612.7,
2026-08-13T15:00:00+0900,63805.6,63875.8,63693.8,63875.8,0.0,58.0,63673.7,63616.3,
2026-08-13T16:00:00+0900,63879.2,63882.8,63788.2,63804.0,270321664.0,55.2,63738.7,63622.4,
2026-08-13T17:00:00+0900,63803.1,63853.2,63675.1,63708.0,3221504.0,51.6,63764.2,63620.1,
2026-08-13T18:00:00+0900,63709.2,63728.1,63516.4,63718.1,0.0,51.9,63782.4,63619.6,
2026-08-13T19:00:00+0900,63718.1,63757.8,63519.1,63582.4,0.0,46.9,63737.7,63600.8,
2026-08-13T20:00:00+0900,63582.4,63593.3,63273.9,63414.9,0.0,41.6,63645.5,63574.2,
2026-08-13T21:00:00+0900,63414.9,63637.9,63371.9,63621.6,0.0,49.3,63609.0,63552.0,
2026-08-13T22:00:00+0900,63624.5,63784.2,63482.7,63653.0,0.0,50.3,63598.0,63535.5,
2026-08-13T23:00:00+0900,63658.9,63931.2,63613.5,63801.5,0.0,55.1,63614.7,63536.3,
2026-08-14T00:00:00+0900,63798.4,63877.1,63358.1,63358.1,0.0,42.1,63569.8,63538.8,
2026-08-14T01:00:00+0900,63354.5,63508.5,62782.2,63092.4,1650429952.0,36.5,63505.4,63527.7,
2026-08-14T02:00:00+0900,63033.4,63229.8,63004.0,63070.0,0.0,36.0,63395.0,63513.4,
2026-08-14T03:00:00+0900,63064.6,63303.1,63037.8,63235.8,0.0,41.6,63311.6,63506.9,
2026-08-14T04:00:00+0900,63240.0,63441.6,63240.0,63335.1,0.0,44.7,63218.3,63507.9,
2026-08-14T05:00:00+0900,63339.5,63407.3,63301.2,63349.2,0.0,45.1,63216.5,63508.1,
2026-08-14T06:00:00+0900,63335.8,63440.2,63327.3,63409.2,0.0,47.1,63279.9,63503.0,
2026-08-14T07:00:00+0900,63409.2,63581.4,63406.3,63463.3,298012672.0,48.8,63358.5,63505.4,
2026-08-14T08:00:00+0900,63468.2,63475.4,63330.3,63425.4,0.0,47.6,63396.4,63508.0,
2026-08-14T09:00:00+0900,63427.2,63492.1,63343.4,63480.9,0.0,49.6,63425.6,63510.7,
2026-08-14T10:00:00+0900,63474.0,63527.4,63395.0,63511.1,0.0,50.7,63458.0,63511.5,
2026-08-14T11:00:00+0900,63512.9,63555.0,63403.8,63403.8,118896640.0,46.8,63456.9,63512.3,
2026-08-14T12:00:00+0900,63401.0,63516.5,63238.5,63246.7,0.0,41.9,63413.6,63503.0,
2026-08-14T13:00:00+0900,63243.1,63405.9,63213.1,63307.1,323325952.0,44.3,63389.9,63492.0,
2026-08-14T14:00:00+0900,63307.1,63334.4,63213.1,63314.5,0.0,44.6,63356.7,63479.5,63635.2
2026-08-14T15:00:00+0900,63314.5,63314.5,62883.2,62904.3,171321344.0,33.5,63235.3,63443.5,63619.6
2026-08-14T16:00:00+0900,62903.2,63042.8,62847.1,62848.7,421163008.0,32.4,63124.3,63402.4,63604.8
2026-08-14T17:00:00+0900,62848.7,62915.7,62624.4,62868.4,822470656.0,33.3,63048.6,63364.9,63590.7
2026-08-14T18:00:00+0900,62871.6,62871.6,62675.0,62722.6,116989952.0,30.1,62931.7,63325.5,63575.0
2026-08-14T19:00:00+0900,62718.2,62873.5,62669.7,62746.1,278519808.0,31.2,62818.0,63286.7,63558.3
2026-08-14T20:00:00+0900,62746.1,62868.8,62735.1,62793.3,25317376.0,33.6,62795.8,63255.1,63541.2
2026-08-14T21:00:00+0900,62800.6,62834.4,62652.4,62661.9,143765504.0,30.5,62758.5,63225.0,63520.2
2026-08-14T22:00:00+0900,62668.7,62737.2,62516.6,62577.7,396158976.0,28.6,62700.3,63183.2,63498.9
2026-08-14T23:00:00+0900,62593.3,62725.5,62483.6,62545.7,226076672.0,28.0,62664.9,63138.9,63475.2
2026-08-15T00:00:00+0900,62551.9,63010.4,62541.6,62913.0,751867904.0,44.4,62698.3,63103.4,63457.1
2026-08-15T01:00:00+0900,62912.4,63152.8,62894.2,63071.1,0.0,49.7,62753.9,63091.9,63442.9
2026-08-15T02:00:00+0900,63079.4,63183.1,62931.9,62954.5,0.0,46.2,62812.4,63086.4,63432.7
2026-08-15T03:00:00+0900,62954.8,63016.0,62816.6,62855.9,103481344.0,43.4,62868.0,63077.8,63423.6
2026-08-15T04:00:00+0900,62850.3,62921.0,62756.4,62895.8,81668096.0,44.9,62938.1,63064.2,63416.3
2026-08-15T05:00:00+0900,62905.0,62952.9,62822.0,62835.1,97798144.0,43.1,62922.5,63044.2,63407.0
2026-08-15T06:00:00+0900,62835.1,62870.2,62801.5,62860.9,18022400.0,44.1,62880.5,63024.7,63401.0
2026-08-15T07:00:00+0900,62860.9,62891.9,62727.3,62814.5,0.0,42.6,62852.5,63000.9,63392.2
2026-08-15T08:00:00+0900,62812.6,62999.0,62796.9,62975.2,13991936.0,49.0,62876.3,62981.4,63382.8
2026-08-15T09:00:00+0900,62975.2,62996.5,62928.3,62950.7,0.0,48.1,62887.3,62962.4,63373.9
2026-08-15T10:00:00+0900,62950.7,62975.0,62923.9,62972.3,56567808.0,49.0,62914.7,62942.0,63365.5
2026-08-15T11:00:00+0900,62972.3,63072.1,62963.3,63071.4,0.0,53.0,62956.8,62924.5,63359.3
2026-08-15T12:00:00+0900,63071.4,63120.8,62975.9,62988.4,197591040.0,49.5,62991.6,62907.8,63350.0
2026-08-15T13:00:00+0900,62990.0,63087.4,62990.0,63052.0,0.0,52.1,63007.0,62900.0,63340.6
2026-08-15T14:00:00+0900,63052.0,63091.8,62966.4,63016.1,0.0,50.5,63020.0,62888.4,63331.6
2026-08-15T15:00:00+0900,63016.1,63067.5,62969.7,63045.5,0.0,51.8,63034.7,62877.6,63322.1
2026-08-15T16:00:00+0900,63045.5,63061.8,62972.6,63005.7,0.0,49.9,63021.5,62881.7,63312.6
2026-08-15T17:00:00+0900,63015.0,63018.9,62863.1,62869.1,0.0,44.0,62997.7,62882.5,63300.4
2026-08-15T18:00:00+0900,62874.1,62979.9,62847.1,62957.6,0.0,48.3,62978.8,62886.1,63291.2
2026-08-15T19:00:00+0900,62959.0,62984.5,62928.6,62976.0,0.0,49.2,62970.8,62896.2,63280.6
2026-08-15T20:00:00+0900,62966.8,62990.4,62923.5,62949.2,0.0,47.9,62951.5,62904.3,63270.2
2026-08-15T21:00:00+0900,62949.2,62987.1,62876.0,62985.9,0.0,49.8,62947.6,62912.1,63256.0
2026-08-15T22:00:00+0900,62982.1,63012.8,62951.8,62985.9,0.0,49.8,62970.9,62925.0,63241.4
2026-08-15T23:00:00+0900,62986.0,62986.0,62920.0,62966.4,0.0,48.7,62972.7,62940.6,63225.3
2026-08-16T00:00:00+0900,62966.4,63051.7,62955.0,63022.9,0.0,52.0,62982.1,62959.7,63211.3
2026-08-16T01:00:00+0900,63022.9,63054.8,62985.0,63024.1,0.0,52.0,62997.1,62964.1,63201.3
2026-08-16T02:00:00+0900,63024.1,63034.8,62988.4,63000.3,0.0,50.5,62999.9,62961.3,63197.3
2026-08-16T03:00:00+0900,63000.4,63041.8,62971.2,62989.1,0.0,49.7,63000.6,62962.7,63192.2
2026-08-16T04:00:00+0900,62989.1,63053.5,62987.8,63051.4,35456000.0,53.9,63017.6,62970.5,63187.2
2026-08-16T05:00:00+0900,63051.4,63051.4,63000.0,63036.5,0.0,52.8,63020.3,62976.1,63182.4
2026-08-16T06:00:00+0900,63030.5,63097.4,63019.9,63085.9,0.0,56.1,63032.7,62986.1,63179.4
2026-08-16T07:00:00+0900,63085.9,63107.3,63057.5,63061.7,0.0,54.1,63044.9,62994.2,63175.6
2026-08-16T08:00:00+0900,63061.7,63075.0,63013.5,63018.8,0.0,50.6,63050.8,63002.3,63168.7
2026-08-16T09:00:00+0900,63018.8,63019.7,62992.2,63012.9,0.0,50.2,63043.2,63003.8,63163.5
2026-08-16T10:00:00+0900,63012.9,63013.9,62938.2,63013.9,0.0,50.3,63038.6,63006.4,63158.9
2026-08-16T11:00:00+0900,63010.4,63087.1,62950.6,63054.4,17978368.0,53.7,63032.3,63009.7,63154.1
2026-08-16T12:00:00+0900,63054.5,63060.6,63039.7,63059.4,0.0,54.1,63031.9,63009.2,63148.4
2026-08-16T13:00:00+0900,63059.4,63082.5,63016.9,63016.9,0.0,50.0,63031.5,63010.3,63143.5
2026-08-16T14:00:00+0900,63016.9,63030.3,62966.9,62997.8,0.0,48.2,63028.5,63008.1,63137.1
2026-08-16T15:00:00+0900,62995.0,63016.5,62977.7,62993.7,0.0,47.8,63024.5,63007.3,63129.2
2026-08-16T16:00:00+0900,62993.7,63000.0,62982.0,62991.2,0.0,47.5,63011.8,63005.1,63120.8
2026-08-16T17:00:00+0900,62991.2,63008.6,62988.0,63001.9,0.0,48.8,63000.3,63004.9,63110.0
2026-08-16T18:00:00+0900,63001.9,63001.9,62897.5,62917.5,65421824.0,40.5,62980.4,63006.9,63097.3
2026-08-16T19:00:00+0900,62917.5,62942.9,62891.1,62940.2,3644928.0,43.3,62968.9,63006.2,63085.7
2026-08-16T20:00:00+0900,62940.2,62946.0,62906.8,62945.3,0.0,43.9,62959.2,63004.9,63075.6
2026-08-16T21:00:00+0900,62945.3,62955.0,62921.2,62948.0,0.0,44.3,62950.6,63004.9,63065.3
2026-08-16T22:00:00+0900,62948.0,63000.0,62947.1,62993.6,0.0,50.1,62948.9,63005.2,63057.4
2026-08-16T23:00:00+0900,62993.8,63039.0,62989.9,63034.5,0.0,54.6,62972.3,63007.1,63052.4
2026-08-17T00:00:00+0900,63038.4,63070.0,63034.7,63070.0,0.0,58.2,62998.3,63011.3,63045.0
2026-08-17T01:00:00+0900,63074.1,63313.0,63063.8,63186.9,319698944.0,67.3,63046.6,63017.8,63038.8
2026-08-17T02:00:00+0900,63195.6,63210.5,63053.1,63087.4,186375168.0,56.1,63074.5,63020.4,63029.3
2026-08-17T03:00:00+0900,63087.4,63112.6,63050.8,63074.3,0.0,54.8,63090.6,63023.3,63025.5
2026-08-17T04:00:00+0900,63074.3,63162.9,63025.3,63040.2,0.0,51.5,63091.8,63025.4,63024.8
2026-08-17T05:00:00+0900,63040.1,63073.4,62954.3,63000.7,110647808.0,47.8,63077.9,63023.4,63023.9
2026-08-17T06:00:00+0900,62997.4,63016.7,62744.5,62862.8,80567296.0,37.8,63013.1,63016.4,63018.9
2026-08-17T07:00:00+0900,62857.0,62889.1,62640.9,62843.4,528695296.0,36.7,62964.3,63006.7,63012.4
2026-08-17T08:00:00+0900,62839.8,62924.6,62756.9,62830.6,238403584.0,35.9,62915.5,62997.5,63005.4
2026-08-17T09:00:00+0900,62832.4,62886.4,62681.4,62840.6,523719680.0,37.0,62875.6,62990.3,62997.9
2026-08-17T10:00:00+0900,62831.4,63174.0,62831.4,63042.0,548464640.0,54.5,62883.9,62991.5,62992.2
2026-08-17T11:00:00+0900,63060.6,63430.7,62966.0,63335.7,268684288.0,68.3,62978.5,63004.4,62991.0
2026-08-17T12:00:00+0900,63346.5,63458.3,63278.0,63367.8,644800512.0,69.3,63083.3,63016.9,62989.5
2026-08-17T13:00:00+0900,63388.2,63521.6,63373.4,63480.0,589127680.0,72.9,63213.2,63033.7,62989.1
2026-08-17T14:00:00+0900,63481.4,63534.3,63381.1,63456.6,631631872.0,71.0,63336.4,63051.3,62989.8
2026-08-17T15:00:00+0900,63456.6,63653.4,63412.7,63603.3,168604672.0,75.2,63448.7,63075.5,62994.6
2026-08-17T16:00:00+0900,63606.0,63606.0,63461.5,63461.5,385545216.0,65.4,63473.8,63094.2,62996.6
2026-08-17T17:00:00+0900,63468.9,63489.0,63278.6,63307.9,587085824.0,56.7,63461.8,63106.9,62996.5
2026-08-17T18:00:00+0900,63307.9,63358.5,63218.2,63246.2,136393728.0,53.6,63415.1,63116.7,63001.1
2026-08-17T19:00:00+0900,63246.2,63627.3,63219.4,63627.3,562246656.0,65.9,63449.2,63145.1,63011.5
2026-08-17T20:00:00+0900,63606.6,63713.2,63524.1,63559.9,0.0,62.8,63440.5,63169.9,63020.7
2026-08-17T21:00:00+0900,63565.9,63613.6,63456.3,63478.3,1031956480.0,59.0,63443.9,63191.2,63030.8
2026-08-17T22:00:00+0900,63478.2,63720.8,63357.3,63601.4,683301888.0,62.6,63502.6,63217.3,63042.2
2026-08-17T23:00:00+0900,63591.3,63836.2,63515.9,63830.8,588694528.0,68.2,63619.5,63250.8,63056.0
2026-08-18T00:00:00+0900,63830.7,64174.3,63750.0,64139.7,1396312064.0,73.9,63722.0,63295.0,63075.7
2026-08-18T01:00:00+0900,64150.1,64155.0,63993.6,64060.4,435357696.0,70.4,63822.1,63334.6,63095.5
2026-08-18T02:00:00+0900,64060.4,64380.0,63921.0,64276.8,1444204544.0,74.0,63981.8,63378.2,63118.6
2026-08-18T03:00:00+0900,64293.9,64562.2,64229.0,64380.6,1275262976.0,75.5,64137.6,63429.9,63138.1
2026-08-18T04:00:00+0900,64362.4,64374.3,64231.0,64266.4,368891904.0,70.6,64224.8,63477.6,63154.1
2026-08-18T05:00:00+0900,64260.9,64376.4,64214.7,64341.8,230129664.0,71.9,64265.2,63529.7,63172.6
2026-08-18T06:00:00+0900,64341.8,64388.5,64245.2,64335.0,210223104.0,71.6,64320.1,63583.1,63192.3
2026-08-18T07:00:00+0900,64340.2,64369.5,64223.0,64240.2,0.0,67.3,64312.8,63638.2,63210.2
2026-08-18T08:00:00+0900,64240.2,64530.0,64230.0,64477.3,51107840.0,71.8,64332.1,63703.5,63232.1
2026-08-18T09:00:00+0900,64486.3,64507.0,64300.5,64322.3,0.0,65.4,64343.3,63763.2,63251.6
2026-08-18T10:00:00+0900,64323.6,64323.6,64097.5,64148.4,0.0,59.0,64304.6,63815.5,63269.4
2026-08-18T11:00:00+0900,64144.3,64218.0,63995.3,64036.1,41668608.0,55.2,64244.9,63855.3,63283.5
2026-08-18T12:00:00+0900,64043.4,64119.4,63979.4,64117.2,0.0,57.4,64220.3,63886.5,63299.1
2026-08-18T13:00:00+0900,64117.2,64181.9,64018.7,64149.7,137375744.0,58.2,64154.8,63917.8,63314.8
2026-08-18T14:00:00+0900,64149.7,64211.7,64079.7,64169.5,272480256.0,58.7,64124.2,63945.4,63329.4
2026-08-18T15:00:00+0900,64169.5,64397.4,64099.2,64266.4,243425280.0,61.4,64147.8,63977.8,63346.5
2026-08-18T16:00:00+0900,64264.4,64294.2,64104.2,64139.8,0.0,56.3,64168.5,63999.2,63361.0
2026-08-18T17:00:00+0900,64139.8,64278.2,64027.4,64228.6,0.0,58.9,64190.8,64029.9,63377.1
2026-08-18T18:00:00+0900,64203.1,64215.5,64070.9,64110.0,350208.0,54.3,64182.9,64062.0,63391.3
2026-08-18T19:00:00+0900,64105.0,64154.2,64062.7,64134.5,0.0,55.1,64175.9,64097.5,63406.4
2026-08-18T20:00:00+0900,64124.8,64342.4,64124.8,64288.2,0.0,59.7,64180.2,64124.0,63425.3
2026-08-18T21:00:00+0900,64280.9,64300.3,64161.7,64161.7,0.0,54.7,64184.6,64148.0,63441.4
2026-08-18T22:00:00+0900,64128.6,64226.1,63991.3,64155.9,241235968.0,54.5,64170.1,64175.1,63457.1
2026-08-18T23:00:00+0900,64158.2,65007.3,64158.2,64668.1,2084710400.0,67.3,64281.7,64217.8,63480.0
2026-08-19T00:00:00+0900,64696.3,64849.4,64601.3,64808.0,0.0,69.8,64416.4,64256.9,63504.3
2026-08-19T01:00:00+0900,64819.7,64853.1,64629.5,64795.2,0.0,69.3,64517.8,64283.1,63528.4
2026-08-19T02:00:00+0900,64798.2,64798.2,64629.6,64629.6,0.0,62.7,64611.4,64305.9,63550.6
2026-08-19T03:00:00+0900,64625.4,64790.9,64611.3,64737.2,0.0,65.0,64727.6,64324.3,63573.5
2026-08-19T04:00:00+0900,64729.1,64763.1,64603.9,64603.9,0.0,60.1,64714.8,64333.2,63594.5
2026-08-19T05:00:00+0900,64612.5,64621.9,64523.3,64538.5,0.0,57.8,64660.9,64344.1,63615.0
2026-08-19T06:00:00+0900,64540.2,64611.3,64527.4,64559.3,0.0,58.3,64613.7,64352.8,63636.0
2026-08-19T07:00:00+0900,64559.2,64615.1,64513.9,64596.4,0.0,59.3,64607.1,64363.3,63656.6
2026-08-19T08:00:00+0900,64588.2,64744.3,64585.0,64681.3,0.0,61.6,64595.9,64380.9,63678.5
2026-08-19T09:00:00+0900,64692.2,64697.8,64445.4,64445.4,0.0,52.7,64564.2,64379.7,63696.6
2026-08-19T10:00:00+0900,64440.1,64503.0,64341.5,64358.5,60477440.0,49.8,64528.2,64381.1,63713.9
2026-08-19T11:00:00+0900,64348.6,64367.2,64293.1,64295.8,0.0,47.8,64475.5,64387.0,63730.9
2026-08-19T12:00:00+0900,64295.9,64363.6,64218.4,64269.4,0.0,46.9,64410.1,64396.3,63747.7
2026-08-19T13:00:00+0900,64268.1,64336.9,64234.4,64255.1,0.0,46.4,64324.8,64401.8,63764.2
2026-08-19T14:00:00+0900,64255.9,64357.9,64178.3,64185.2,0.0,44.0,64272.8,64403.3,63779.3
2026-08-19T15:00:00+0900,64186.3,64291.4,64112.0,64289.8,0.0,48.3,64259.1,64408.1,63795.7
2026-08-19T16:00:00+0900,64289.8,64343.9,64211.2,64243.6,52691968.0,46.6,64248.6,64407.2,63812.1
2026-08-19T17:00:00+0900,64236.8,64455.6,64190.7,64357.1,35102720.0,51.2,64266.2,64415.9,63830.2
2026-08-19T18:00:00+0900,64356.5,64418.4,64307.2,64371.6,0.0,51.8,64289.5,64421.6,63848.6
2026-08-19T19:00:00+0900,64367.8,64404.8,64305.0,64393.8,94493696.0,52.7,64331.2,64432.9,63867.3
2026-08-19T20:00:00+0900,64386.8,64483.7,64386.8,64459.1,0.0,55.4,64365.0,64445.9,63886.7
2026-08-19T21:00:00+0900,64459.1,64935.9,64417.1,64830.9,896557056.0,66.9,64482.5,64467.6,63912.2
2026-08-19T22:00:00+0900,64812.2,65170.2,64735.9,64966.7,1065179136.0,69.9,64604.4,64499.8,63939.2
2026-08-19T23:00:00+0900,64969.9,65930.8,64966.1,65886.3,652589056.0,82.0,64907.4,64569.0,63978.5
2026-08-20T00:00:00+0900,65926.3,69594.3,65858.7,68519.6,10297483264.0,92.0,65732.5,64723.1,64052.7
2026-08-20T01:00:00+0900,68588.4,68892.6,68404.0,68454.0,2866417664.0,90.6,66531.5,64868.9,64125.5
2026-08-20T02:00:00+0900,68444.3,68514.4,67802.3,68168.3,2094526464.0,84.8,67199.0,65003.9,64194.0
2026-08-20T03:00:00+0900,68187.0,68439.5,68013.5,68389.1,871927808.0,85.6,67883.5,65154.2,64264.9
2026-08-20T04:00:00+0900,68367.0,68471.0,68093.4,68406.1,997826560.0,85.6,68387.4,65301.0,64334.5
2026-08-20T05:00:00+0900,68428.6,69544.9,68373.5,69043.3,1756401664.0,87.7,68492.2,65478.6,64413.9
2026-08-20T06:00:00+0900,69038.6,70011.0,68975.6,69700.0,4437491712.0,89.4,68741.4,65685.0,64502.3
2026-08-20T07:00:00+0900,69790.3,69819.3,68959.6,69219.5,1832513536.0,80.6,68951.6,65871.4,64584.7
2026-08-20T08:00:00+0900,69224.7,69421.6,69130.6,69300.0,1161973760.0,81.0,69133.8,66059.6,64668.6
2026-08-20T09:00:00+0900,69298.8,69750.0,69291.6,69387.8,2000023552.0,81.3,69330.1,66247.8,64755.6
2026-08-20T10:00:00+0900,69385.8,69856.4,69239.7,69678.7,913199104.0,82.6,69457.2,66457.2,64846.8
2026-08-20T11:00:00+0900,69682.3,69787.1,69223.6,69258.6,964894720.0,74.8,69368.9,66653.2,64932.5
2026-08-20T12:00:00+0900,69245.9,69282.9,68857.3,69140.0,1270792192.0,72.7,69353.0,66846.9,65016.5
2026-08-20T13:00:00+0900,69130.2,69533.4,69104.4,69442.5,1019191296.0,74.7,69381.5,67053.9,65101.8
2026-08-20T14:00:00+0900,69445.6,69633.1,69318.0,69374.8,888156160.0,73.4,69378.9,67258.7,65182.3
2026-08-20T15:00:00+0900,69368.5,69866.3,69314.0,69814.0,1263570944.0,76.2,69406.0,67483.8,65268.3
2026-08-20T16:00:00+0900,69792.0,69957.1,69456.0,69781.8,1780432896.0,75.6,69510.6,67703.5,65352.3
2026-08-20T17:00:00+0900,69784.5,71746.6,69736.6,71524.3,4352184320.0,83.5,69987.5,67994.7,65459.9
2026-08-20T18:00:00+0900,71532.4,71994.2,71458.3,71740.9,3360026624.0,84.2,70447.2,68290.1,65568.4
2026-08-20T19:00:00+0900,71733.2,72407.2,71651.6,71941.7,3147587584.0,84.8,70960.5,68592.9,65681.5
2026-08-20T20:00:00+0900,71934.6,72272.6,71765.9,71870.1,1450704896.0,83.5,71371.8,68891.9,65795.6
2026-08-20T21:00:00+0900,71886.4,71950.8,71440.0,71894.5,242876416.0,83.6,71794.3,69189.3,65910.9
2026-08-20T22:00:00+0900,71921.2,72025.6,71143.1,71631.5,1817792512.0,78.6,71815.7,69461.4,66017.7
2026-08-20T23:00:00+0900,71632.3,71935.1,71364.4,71780.3,0.0,79.4,71823.6,69733.9,66127.3
2026-08-21T00:00:00+0900,71776.5,72781.0,71751.6,72443.1,0.0,82.3,71923.9,69996.2,66246.8
2026-08-21T01:00:00+0900,72437.7,72843.3,72180.0,72829.4,0.0,83.8,72115.8,70168.6,66369.8
2026-08-21T02:00:00+0900,72820.6,72940.4,72540.6,72715.3,0.0,81.7,72279.9,70339.0,66488.3
2026-08-21T03:00:00+0900,72733.8,72794.5,72373.6,72413.0,684711936.0,76.1,72436.2,70508.8,66598.6
2026-08-21T04:00:00+0900,72410.9,72768.5,72313.8,72626.5,20582400.0,77.2,72605.5,70678.3,66712.8
2026-08-21T05:00:00+0900,72678.2,73002.7,72585.0,72660.2,0.0,77.4,72648.9,70848.5,66824.6
2026-08-21T06:00:00+0900,72660.2,72829.4,72547.6,72725.6,0.0,77.8,72628.1,70995.8,66935.9
2026-08-21T07:00:00+0900,72745.9,72853.8,72485.0,72664.7,0.0,76.5,72618.0,71114.4,67047.8
2026-08-21T08:00:00+0900,72658.7,73377.8,72645.0,73015.9,88973312.0,78.7,72738.6,71266.2,67163.5
2026-08-21T09:00:00+0900,73010.3,73945.2,73010.3,73692.4,531660800.0,82.2,72951.8,71441.9,67288.3
2026-08-21T10:00:00+0900,73658.8,75704.4,73648.8,75107.9,3005939712.0,87.1,73441.3,71670.7,67433.2
2026-08-21T11:00:00+0900,75107.1,75156.0,74358.9,74409.7,1275346944.0,76.1,73778.1,71860.0,67565.6
2026-08-21T12:00:00+0900,74444.3,74832.7,74219.6,74478.3,28532736.0,76.4,74140.8,72068.7,67701.0
2026-08-21T13:00:00+0900,74499.8,75023.0,74499.8,75000.0,3575808.0,78.7,74537.7,72303.1,67845.7
2026-08-21T14:00:00+0900,75000.0,75482.9,74888.2,75438.1,320593920.0,80.4,74886.8,72543.0,67997.7
2026-08-21T15:00:00+0900,75391.1,75700.1,75065.4,75615.8,265400320.0,81.1,74988.4,72792.6,68151.0
2026-08-21T16:00:00+0900,75600.0,76845.4,75597.0,76306.3,1269219328.0,83.5,75367.7,73052.3,68313.1
2026-08-21T17:00:00+0900,76299.2,79442.9,76267.5,79224.7,431730688.0,89.4,76317.0,73430.0,68513.9
2026-08-21T18:00:00+0900,79189.3,79326.2,77267.4,77888.2,4098641920.0,75.9,76894.6,73684.6,68695.5
2026-08-21T19:00:00+0900,77861.5,78236.2,77606.1,77802.4,101093376.0,75.1,77367.5,73927.0,68877.6
2026-08-21T20:00:00+0900,77814.4,77840.6,76416.5,76709.6,0.0,65.8,77586.2,74117.7,69044.1
2026-08-21T21:00:00+0900,76741.0,77457.5,76521.3,77195.1,4271996928.0,67.7,77764.0,74330.7,69218.5
2026-08-21T22:00:00+0900,77229.7,77671.5,76225.8,77244.2,0.0,67.9,77367.9,74544.7,69393.3
2026-08-21T23:00:00+0900,77217.5,77432.6,76526.8,77374.8,1856126976.0,68.4,77265.2,74774.5,69567.8
2026-08-22T00:00:00+0900,77403.1,77843.3,77136.0,77178.8,0.0,66.6,77140.5,74990.4,69741.4
2026-08-22T01:00:00+0900,77190.8,77516.7,76795.4,77451.3,187875328.0,67.9,77288.9,75190.7,69918.6
2026-08-22T02:00:00+0900,77472.7,77695.7,77167.8,77370.3,0.0,67.0,77323.9,75372.4,70088.0
2026-08-22T03:00:00+0900,77380.3,77519.8,76623.4,77110.5,0.0,64.3,77297.2,75548.2,70252.0
2026-08-22T04:00:00+0900,77144.9,77338.9,76837.8,76995.2,2632744960.0,63.1,77221.2,75731.5,70414.7
2026-08-22T05:00:00+0900,77028.0,77518.4,76837.8,77498.0,266452992.0,66.1,77285.1,75926.3,70586.3
2026-08-22T06:00:00+0900,77492.4,78664.2,77363.1,78495.4,1140613120.0,71.2,77493.9,76159.7,70769.7
2026-08-22T07:00:00+0900,78503.4,78747.1,78106.6,78432.8,1738825728.0,70.5,77706.4,76388.0,70954.1
2026-08-22T08:00:00+0900,78459.8,78711.1,78122.8,78325.5,12009472.0,69.2,77949.4,76614.5,71137.9
2026-08-22T09:00:00+0900,78325.5,78495.5,77695.4,77934.1,0.0,64.6,78137.1,76811.2,71316.3
2026-08-22T10:00:00+0900,77938.4,78220.6,77805.3,77821.0,0.0,63.3,78201.8,76976.3,71492.6
2026-08-22T11:00:00+0900,77840.7,78543.9,77783.5,78462.8,0.0,67.3,78195.2,77110.5,71676.4
2026-08-22T12:00:00+0900,78481.9,78814.5,78351.6,78402.6,408903680.0,66.6,78189.2,77270.2,71862.5
2026-08-22T13:00:00+0900,78402.6,78795.1,78195.4,78475.7,767688704.0,67.1,78219.2,77430.1,72050.7
2026-08-22T14:00:00+0900,78440.0,78562.9,76650.3,77351.2,7252869120.0,54.3,78102.7,77524.2,72224.8
2026-08-22T15:00:00+0900,77343.5,77560.7,76992.4,77477.3,0.0,55.3,78033.9,77605.7,72400.9
2026-08-22T16:00:00+0900,77475.6,77645.3,77208.2,77286.2,0.0,53.4,77798.6,77672.6,72574.6
2026-08-22T17:00:00+0900,77293.9,77429.1,77021.5,77195.5,0.0,52.4,77557.2,77708.1,72748.1
2026-08-22T18:00:00+0900,77195.5,77366.7,76835.5,77049.4,0.0,50.9,77271.9,77621.1,72918.2
2026-08-22T19:00:00+0900,77049.4,77179.3,76524.4,76964.9,0.0,49.9,77194.7,77584.2,73087.8
2026-08-22T20:00:00+0900,76961.5,77206.0,76808.8,77114.4,0.0,51.6,77122.1,77556.7,73257.9
2026-08-22T21:00:00+0900,77119.9,77373.0,77069.0,77300.0,0.0,53.7,77124.8,77580.3,73430.3
2026-08-22T22:00:00+0900,77300.0,77359.6,77101.4,77277.3,0.0,53.4,77141.2,77583.6,73602.1
2026-08-22T23:00:00+0900,77277.3,77315.7,76927.2,76995.6,0.0,49.7,77130.4,77573.6,73769.2
2026-08-23T00:00:00+0900,77007.4,77093.8,76884.0,76970.6,0.0,49.3,77131.6,77557.5,73931.1
2026-08-23T01:00:00+0900,76972.5,77534.5,76944.0,77282.5,0.0,53.5,77165.2,77561.6,74095.3
2026-08-23T02:00:00+0900,77272.1,77367.1,77072.3,77270.5,0.0,53.3,77159.3,77554.4,74247.1
2026-08-23T03:00:00+0900,77270.5,77357.5,77134.0,77261.9,0.0,53.2,77156.2,77550.0,74363.7
2026-08-23T04:00:00+0900,77261.9,77475.8,77196.7,77419.9,0.0,55.5,77241.1,77562.4,74483.2
2026-08-23T05:00:00+0900,77421.6,77459.6,77260.0,77313.0,0.0,53.5,77309.6,77575.1,74605.1
2026-08-23T06:00:00+0900,77311.2,77312.2,76839.8,76847.4,0.0,46.1,77222.5,77549.1,74717.9
2026-08-23T07:00:00+0900,76873.7,77146.5,76770.5,76989.5,0.0,48.4,77166.3,77488.9,74832.4
2026-08-23T08:00:00+0900,77006.0,77122.0,76889.0,77054.4,0.0,49.5,77124.8,77433.7,74939.2
2026-08-23T09:00:00+0900,77054.5,77343.6,77037.9,77289.0,0.0,53.4,77098.6,77392.3,75040.4
2026-08-23T10:00:00+0900,77287.4,77397.4,77152.5,77184.5,0.0,51.5,77073.0,77362.3,75146.6
2026-08-23T11:00:00+0900,77184.5,77206.5,76992.1,77064.7,0.0,49.4,77116.4,77332.0,75250.1
2026-08-23T12:00:00+0900,77072.7,77133.4,76824.0,76914.7,0.0,46.7,77101.5,77270.1,75350.4
2026-08-23T13:00:00+0900,76914.7,77025.0,76495.5,76602.5,0.0,41.8,77011.1,77198.1,75442.8
2026-08-23T14:00:00+0900,76564.3,76707.0,75601.6,76048.6,0.0,34.7,76763.0,77101.0,75533.3
2026-08-23T15:00:00+0900,76100.0,76339.5,75902.8,76089.0,0.0,35.6,76543.9,77050.5,75625.9
2026-08-23T16:00:00+0900,76090.8,76335.0,75899.3,75987.0,0.0,34.4,76328.4,76990.9,75713.2
2026-08-23T17:00:00+0900,75987.8,76605.9,75934.0,76464.9,0.0,44.0,76238.4,76958.1,75807.7
2026-08-23T18:00:00+0900,76468.5,76629.2,76449.7,76540.0,0.0,45.4,76225.9,76931.8,75897.4
2026-08-23T19:00:00+0900,76533.7,76896.6,76533.7,76776.9,0.0,49.6,76371.6,76920.9,75990.7
2026-08-23T20:00:00+0900,76776.9,77369.1,76729.6,77288.2,2861056.0,57.2,76611.4,76933.9,76067.5
2026-08-23T21:00:00+0900,77288.2,77288.2,76999.8,77201.6,0.0,55.7,76854.3,76937.4,76140.4
2026-08-23T22:00:00+0900,77201.6,77715.5,77184.9,77477.2,715337728.0,59.4,77056.8,76944.5,76214.2
2026-08-23T23:00:00+0900,77481.8,77630.6,76829.4,77180.5,1025032192.0,54.1,77184.9,76940.6,76285.0
2026-08-24T00:00:00+0900,77212.0,77320.1,76917.9,77133.5,327010304.0,53.3,77256.2,76946.1,76354.8
2026-08-24T01:00:00+0900,77133.5,77454.0,77133.5,77405.7,0.0,57.3,77279.7,76963.5,76431.8
2026-08-24T02:00:00+0900,77405.7,77433.1,77144.9,77175.5,0.0,53.2,77274.5,76959.2,76503.7
2026-08-24T03:00:00+0900,77179.3,77396.9,77104.5,77325.0,460367872.0,55.4,77244.0,76961.4,76568.8
2026-08-24T04:00:00+0900,77347.4,77455.1,77237.6,77328.3,80019456.0,55.5,77273.6,76964.1,76628.8
2026-08-24T05:00:00+0900,77320.6,77431.4,77186.8,77393.2,0.0,56.5,77325.5,76963.0,76691.2
2026-08-24T06:00:00+0900,77400.0,78025.9,77400.0,77832.5,384538624.0,62.9,77410.9,76983.8,76763.4
2026-08-24T07:00:00+0900,77866.9,77966.2,77560.0,77600.7,481656832.0,58.0,77495.9,77013.9,76829.8
2026-08-24T08:00:00+0900,77612.5,77819.0,77329.3,77725.5,522901504.0,59.8,77576.0,77043.3,76897.3
2026-08-24T09:00:00+0900,77733.7,77740.3,77175.7,77672.0,511672320.0,58.7,77644.8,77068.0,76963.3
2026-08-24T10:00:00+0900,77684.5,77700.2,76907.9,76907.9,714055680.0,45.2,77547.7,77052.8,77019.8
2026-08-24T11:00:00+0900,76913.1,77542.2,76867.8,77466.3,690757632.0,53.6,77474.5,77064.1,77079.2
2026-08-24T12:00:00+0900,77474.2,77519.3,76919.5,76933.5,1072965632.0,46.3,77341.0,77058.8,77122.4
2026-08-24T13:00:00+0900,76969.9,77250.1,76678.9,76893.2,0.0,45.8,77174.6,77058.0,77146.2
2026-08-24T14:00:00+0900,76877.5,77213.7,76835.5,77159.6,0.0,49.7,77072.1,77080.2,77182.9
2026-08-24T15:00:00+0900,77152.5,77520.1,77064.7,77459.1,0.0,53.8,77182.3,77136.7,77222.6
2026-08-24T16:00:00+0900,77459.7,77782.5,77276.4,77297.9,328226816.0,51.4,77148.7,77185.0,77253.2
2026-08-24T17:00:00+0900,77316.1,77398.0,76819.7,77032.9,109729792.0,47.6,77168.5,77226.9,77274.5
2026-08-24T18:00:00+0900,77025.1,77590.9,77007.9,77540.9,394989568.0,54.5,77298.1,77269.9,77300.2
2026-08-24T19:00:00+0900,77540.7,78004.1,77523.6,77608.9,1007820800.0,55.3,77387.9,77312.7,77317.5
2026-08-24T20:00:00+0900,77614.2,78589.0,77450.0,78434.0,1150758912.0,64.0,77582.9,77378.9,77307.0
2026-08-24T21:00:00+0900,78400.7,79279.4,77967.6,79137.0,2219028480.0,69.5,77950.7,77452.9,77323.7
2026-08-24T22:00:00+0900,79136.4,79345.2,77873.3,78562.4,4471562240.0,61.3,78256.6,77507.3,77333.8
2026-08-24T23:00:00+0900,78578.7,79798.1,78578.7,79484.3,3139547136.0,67.9,78645.3,77587.6,77370.8
2026-08-25T00:00:00+0900,79486.1,79987.0,78809.3,79079.5,3707219968.0,62.8,78939.5,77663.6,77395.9
2026-08-25T01:00:00+0900,79091.4,79838.5,78894.8,79041.0,3043389440.0,62.4,79060.9,77739.9,77419.9
2026-08-25T02:00:00+0900,79040.2,79182.6,78469.1,78744.9,3124101120.0,58.7,78982.4,77793.4,77438.1
2026-08-25T03:00:00+0900,78763.7,79091.4,78722.4,78926.5,642224128.0,60.2,79055.3,77863.5,77461.4
2026-08-25T04:00:00+0900,78935.1,79115.0,78588.4,78744.4,1296715776.0,57.9,78907.3,77920.3,77478.7
2026-08-25T05:00:00+0900,78787.5,78984.6,78550.1,78913.8,768851968.0,59.5,78874.1,77983.7,77499.3
2026-08-25T06:00:00+0900,78929.3,79036.9,78843.5,78970.3,0.0,60.0,78860.0,78046.8,77524.1
2026-08-25T07:00:00+0900,78970.3,78978.0,78696.1,78734.6,0.0,56.6,78857.9,78082.8,77547.2
2026-08-25T08:00:00+0900,78734.6,79009.2,78635.2,78987.4,30892032.0,59.3,78870.1,78138.3,77567.1
2026-08-25T09:00:00+0900,78969.2,79880.3,78711.5,79743.8,552529920.0,66.0,79070.0,78219.0,77583.7
2026-08-25T10:00:00+0900,79741.7,79969.0,79481.8,79821.9,874496000.0,66.6,79251.6,78305.0,77602.3
2026-08-25T11:00:00+0900,79821.9,81245.5,79730.0,80634.4,3530829824.0,72.2,79584.4,78454.1,77633.1
2026-08-25T12:00:00+0900,80643.9,80938.1,80303.2,80469.0,330780672.0,69.6,79931.3,78574.2,77666.9
2026-08-25T13:00:00+0900,80458.3,80591.6,80126.0,80348.1,0.0,67.7,80203.4,78710.8,77700.5
2026-08-25T14:00:00+0900,80382.7,80796.2,80303.2,80702.0,68665344.0,70.3,80395.1,78863.1,77730.4
2026-08-25T15:00:00+0900,80688.5,80874.6,80374.4,80533.8,2277376.0,67.5,80537.4,78998.1,77758.8
2026-08-25T16:00:00+0900,80533.8,80772.4,79362.3,79674.2,559218688.0,55.7,80345.4,79086.7,77774.8
2026-08-25T17:00:00+0900,79704.6,80226.5,79580.6,79905.8,443031552.0,57.8,80232.8,79191.0,77808.9
2026-08-25T18:00:00+0900,79919.3,79930.7,78885.2,79177.8,708382720.0,49.7,79998.7,79276.8,77831.5
2026-08-25T19:00:00+0900,79176.9,79466.3,78982.7,79293.2,0.0,50.9,79717.0,79346.9,77858.3
2026-08-25T20:00:00+0900,79294.9,79434.6,79036.8,79119.0,0.0,49.0,79434.0,79407.3,77883.9
2026-08-25T21:00:00+0900,79114.1,79168.0,78632.8,78967.0,0.0,47.4,79292.6,79428.6,77909.5
2026-08-25T22:00:00+0900,78971.3,79200.0,78114.6,78627.4,0.0,43.8,79036.9,79408.3,77931.7
2026-08-25T23:00:00+0900,78626.9,79376.1,78541.4,79225.0,0.0,50.8,79046.3,79434.8,77959.8
2026-08-26T00:00:00+0900,79232.7,79537.5,79031.1,79506.2,0.0,53.7,79088.9,79435.6,77989.2
2026-08-26T01:00:00+0900,79495.1,79575.0,79065.4,79153.3,0.0,49.7,79095.8,79438.6,78014.2
2026-08-26T02:00:00+0900,79144.6,79261.9,78779.8,79234.1,0.0,50.6,79149.2,79446.3,78044.1
2026-08-26T03:00:00+0900,79235.8,79343.2,79045.5,79135.7,0.0,49.5,79250.9,79461.9,78073.0
2026-08-26T04:00:00+0900,79120.8,79233.9,78736.4,78923.8,0.0,47.0,79190.6,79461.8,78094.8
2026-08-26T05:00:00+0900,78964.0,78981.1,78171.1,78184.0,270336000.0,39.5,78926.2,79439.4,78107.0
2026-08-26T06:00:00+0900,78165.3,78660.5,77871.7,78550.6,1512439808.0,44.2,78805.6,79424.9,78124.2
2026-08-26T07:00:00+0900,78552.2,78990.0,78552.2,78876.9,129847296.0,48.1,78734.2,79421.2,78143.6
2026-08-26T08:00:00+0900,78876.9,78963.4,78389.0,78526.8,262873088.0,44.5,78612.4,79412.8,78159.8
2026-08-26T09:00:00+0900,78574.0,78707.7,78310.9,78632.4,0.0,45.8,78554.1,79398.6,78183.6
2026-08-26T10:00:00+0900,78613.7,78954.5,78613.7,78809.6,0.0,48.1,78679.2,79361.3,78207.9
2026-08-26T11:00:00+0900,78835.7,79239.1,78743.4,79098.3,0.0,51.6,78788.8,79332.3,78235.1
2026-08-26T12:00:00+0900,79092.5,79176.2,78891.1,79075.5,0.0,51.3,78828.5,79270.0,78259.0
2026-08-26T13:00:00+0900,79066.4,79188.2,78784.8,78823.9,0.0,48.0,78887.9,79204.2,78280.8
2026-08-26T14:00:00+0900,78823.9,79124.4,78633.1,79080.3,0.0,51.4,78977.5,79153.5,78307.7
2026-08-26T15:00:00+0900,79079.3,79194.9,78806.9,78934.0,0.0,49.4,79002.4,79082.7,78334.6
2026-08-26T16:00:00+0900,78931.5,79085.8,78855.1,78916.0,0.0,49.2,78965.9,79018.0,78365.5
2026-08-26T17:00:00+0900,78916.0,79110.8,78603.6,78691.0,0.0,46.0,78889.0,78978.7,78400.7
2026-08-26T18:00:00+0900,78695.7,78875.7,78239.1,78434.8,0.0,42.7,78811.2,78919.9,78432.0
2026-08-26T19:00:00+0900,78423.2,78862.3,78288.4,78707.9,0.0,47.1,78736.7,78901.1,78468.2
2026-08-26T20:00:00+0900,78710.1,78770.2,78303.4,78467.4,0.0,43.9,78643.4,78868.0,78494.9
2026-08-26T21:00:00+0900,78488.3,78693.2,78135.5,78300.1,317390848.0,41.8,78520.2,78835.3,78518.4
2026-08-26T22:00:00+0900,78298.3,78545.4,77907.7,78446.8,0.0,44.3,78471.4,78814.5,78540.7
2026-08-26T23:00:00+0900,78410.8,78606.6,77768.2,77787.5,0.0,36.6,78342.0,78780.9,78547.3
2026-08-27T00:00:00+0900,77787.5,78163.4,77632.0,78013.4,1208088576.0,40.4,78203.1,78732.4,78558.2
2026-08-27T01:00:00+0900,78005.4,78168.0,77856.3,77982.2,0.0,40.1,78106.0,78671.4,78564.9
2026-08-27T02:00:00+0900,77999.8,78611.3,77997.7,78441.5,0.0,47.5,78134.3,78643.0,78581.7
2026-08-27T03:00:00+0900,78448.0,78643.9,78277.0,78471.4,0.0,47.9,78139.2,78612.5,78599.5
2026-08-27T04:00:00+0900,78471.4,78563.5,78282.0,78463.0,0.0,47.8,78274.3,78585.6,78613.6
2026-08-27T05:00:00+0900,78487.6,78535.9,78200.0,78448.5,0.0,47.6,78361.3,78566.5,78630.6
2026-08-27T06:00:00+0900,78448.5,78838.8,78379.1,78720.9,0.0,52.2,78509.1,78588.0,78649.2
2026-08-27T07:00:00+0900,78718.6,78987.7,78553.2,78704.2,49297408.0,51.9,78561.6,78594.2,78667.6
2026-08-27T08:00:00+0900,78692.7,79156.5,78653.7,79026.2,327227392.0,57.1,78672.6,78600.1,78689.4
2026-08-27T09:00:00+0900,79019.7,79019.7,78692.8,78695.1,554510336.0,51.0,78719.0,78606.9,78700.9
2026-08-27T10:00:00+0900,78678.0,79024.1,78583.5,78893.5,0.0,54.2,78808.0,78617.3,78718.1
2026-08-27T11:00:00+0900,78897.8,78978.6,78703.9,78725.0,0.0,51.2,78808.8,78613.9,78731.4
2026-08-27T12:00:00+0900,78726.5,78980.1,78630.0,78820.8,206419968.0,52.8,78832.1,78602.8,78746.7
2026-08-27T13:00:00+0900,78820.8,78888.0,78670.0,78765.3,0.0,51.7,78779.9,78590.4,78771.5
2026-08-27T14:00:00+0900,78770.3,78919.4,78590.0,78876.5,0.0,53.7,78816.2,78592.5,78790.3
2026-08-27T15:00:00+0900,78895.3,78895.3,78609.8,78820.0,0.0,52.5,78801.5,78582.1,78815.5
2026-08-27T16:00:00+0900,78801.1,79093.9,78735.4,79067.3,0.0,57.0,78870.0,78587.5,78844.4
2026-08-27T17:00:00+0900,79082.5,80022.4,79034.9,79755.3,1561767936.0,66.6,79056.9,78621.0,78879.1
2026-08-27T18:00:00+0900,79755.3,80500.0,79671.1,79988.8,1072343040.0,69.1,79301.6,78672.9,78912.8
2026-08-27T19:00:00+0900,79988.7,80163.1,79346.6,79619.5,730159104.0,61.2,79450.2,78720.3,78943.7
2026-08-27T20:00:00+0900,79618.0,79776.9,79217.8,79476.3,557361152.0,58.5,79581.4,78751.1,78976.3
2026-08-27T21:00:00+0900,79475.5,79577.8,79252.9,79276.1,0.0,54.8,79623.2,78783.4,78999.5
2026-08-27T22:00:00+0900,79272.5,79554.0,78921.5,79533.0,0.0,58.4,79578.7,78832.7,79025.1
2026-08-27T23:00:00+0900,79533.1,80406.1,79353.2,80221.3,998203392.0,66.3,79625.2,78903.7,79048.9
2026-08-28T00:00:00+0900,80221.4,80799.0,80116.5,80317.0,1218215936.0,67.2,79764.7,79004.9,79064.7
2026-08-28T01:00:00+0900,80332.4,80631.7,80205.6,80389.3,685561856.0,67.9,79947.3,79099.9,79089.0
2026-08-28T02:00:00+0900,80384.8,80816.0,80239.5,80445.1,909352960.0,68.5,80181.1,79198.4,79101.8
2026-08-28T03:00:00+0900,80441.2,80454.0,79759.5,80174.5,596121600.0,62.6,80309.4,79267.8,79116.4
2026-08-28T04:00:00+0900,80175.9,80302.9,79931.7,79932.5,197173248.0,57.9,80251.7,79326.2,79128.3
2026-08-28T05:00:00+0900,79934.5,80122.9,79881.2,80111.0,188121088.0,60.3,80210.5,79392.1,79146.5
2026-08-28T06:00:00+0900,80108.8,80204.1,79987.2,80202.2,0.0,61.5,80173.1,79462.3,79163.6
2026-08-28T07:00:00+0900,80210.4,80448.0,80165.4,80322.0,0.0,63.1,80148.5,79526.3,79184.6
2026-08-28T08:00:00+0900,80308.1,80416.6,80162.6,80275.3,0.0,62.0,80168.6,79589.2,79202.7
2026-08-28T09:00:00+0900,80287.4,80720.7,80172.1,80595.1,0.0,66.2,80301.1,79651.9,79224.4
2026-08-28T10:00:00+0900,80623.4,81435.1,80454.4,80519.1,1471275008.0,64.4,80382.8,79724.9,79248.2
2026-08-28T11:00:00+0900,80511.3,80511.6,79785.8,79937.5,1737392128.0,52.4,80329.8,79766.6,79260.9
2026-08-28T12:00:00+0900,79937.5,80064.1,79788.4,79824.7,161669120.0,50.5,80230.4,79810.6,79261.9
2026-08-28T13:00:00+0900,79818.2,79976.0,79619.9,79649.2,558424064.0,47.5,80105.1,79843.8,79259.6
2026-08-28T14:00:00+0900,79649.2,79887.8,79567.2,79693.7,139563008.0,48.3,79924.9,79880.9,79247.1
2026-08-28T15:00:00+0900,79698.9,80000.0,79698.9,79909.1,0.0,52.3,79802.8,79922.2,79239.6
2026-08-28T16:00:00+0900,79909.1,79909.1,79595.0,79684.3,986034176.0,48.1,79752.2,79956.8,79230.8
2026-08-28T17:00:00+0900,79690.5,79849.0,79489.4,79520.1,0.0,45.3,79691.3,79974.9,79215.0
2026-08-28T18:00:00+0900,79520.0,79521.3,79275.1,79293.0,0.0,41.7,79620.0,79956.4,79198.5
2026-08-28T19:00:00+0900,79302.1,79576.9,79025.7,79568.6,0.0,47.2,79595.0,79939.6,79197.1
2026-08-28T20:00:00+0900,79574.4,79768.5,79559.3,79604.4,0.0,47.9,79534.1,79939.0,79193.1
2026-08-28T21:00:00+0900,79606.0,79723.4,79300.6,79417.6,0.0,44.6,79480.7,79936.6,79196.3
2026-08-28T22:00:00+0900,79400.7,79549.9,79035.9,79490.2,0.0,46.2,79474.8,79945.2,79198.9
2026-08-28T23:00:00+0900,79326.3,79698.8,78461.8,79546.5,3327805440.0,47.4,79525.5,79945.7,79204.6
2026-08-29T00:00:00+0900,79578.1,79809.8,78324.2,78324.2,0.0,30.9,79276.6,79869.9,79196.0
2026-08-29T01:00:00+0900,78373.4,78397.0,76880.0,77788.5,3045756928.0,26.6,78913.4,79768.7,79184.8
2026-08-29T02:00:00+0900,77791.2,78079.5,77656.7,77901.0,0.0,28.8,78610.1,79669.2,79167.2
2026-08-29T03:00:00+0900,77901.2,77934.0,77265.7,77543.5,32083968.0,26.1,78220.7,79553.1,79141.0
2026-08-29T04:00:00+0900,77566.5,77783.8,77364.9,77533.6,0.0,26.0,77818.2,79447.5,79119.4
2026-08-29T05:00:00+0900,77558.1,77599.9,77294.3,77400.0,78569472.0,25.0,77633.3,79346.2,79095.0
2026-08-29T06:00:00+0900,77412.3,77529.6,77287.3,77365.5,15364096.0,24.7,77548.7,79236.4,79071.3
2026-08-29T07:00:00+0900,77349.9,77761.1,77342.2,77749.3,0.0,33.4,77518.4,79138.2,79055.7
2026-08-29T08:00:00+0900,77741.8,77839.5,77632.1,77838.7,48013312.0,35.3,77577.4,79038.9,79051.1
2026-08-29T09:00:00+0900,77839.2,77950.3,77715.7,77734.5,0.0,34.1,77617.6,78937.3,79040.2
2026-08-29T10:00:00+0900,77717.9,77854.1,77631.0,77792.0,0.0,35.4,77696.0,78825.2,79025.7
2026-08-29T11:00:00+0900,77792.0,77826.0,77578.1,77668.1,0.0,33.8,77756.5,78711.1,79014.3
2026-08-29T12:00:00+0900,77668.1,77735.9,77501.0,77501.0,0.0,31.8,77706.9,78613.7,78999.2
2026-08-29T13:00:00+0900,77505.7,77674.9,77504.0,77640.4,0.0,35.3,77667.2,78526.3,78983.6
2026-08-29T14:00:00+0900,77640.4,77712.0,77603.4,77635.4,0.0,35.2,77647.4,78445.7,78964.1
2026-08-29T15:00:00+0900,77641.3,77641.3,77369.4,77460.0,85127168.0,32.8,77581.0,78356.4,78942.6
2026-08-29T16:00:00+0900,77460.0,77672.4,77433.4,77619.0,0.0,37.1,77571.2,78264.8,78926.5
2026-08-29T17:00:00+0900,77619.3,77641.8,77475.2,77641.8,0.0,37.7,77599.3,78183.1,78907.3
2026-08-29T18:00:00+0900,77643.8,77752.5,77550.2,77642.4,0.0,37.7,77599.7,78108.0,78890.1
2026-08-29T19:00:00+0900,77642.4,77727.6,77518.5,77628.5,0.0,37.4,77598.3,78041.4,78872.9
2026-08-29T20:00:00+0900,77628.5,77727.1,77544.4,77575.4,0.0,36.4,77621.4,77961.7,78858.1
2026-08-29T21:00:00+0900,77581.8,77658.5,77501.3,77584.6,0.0,36.7,77614.5,77880.9,78846.7
2026-08-29T22:00:00+0900,77584.6,77720.0,77559.7,77692.8,0.0,40.5,77624.7,77811.9,78833.2
2026-08-29T23:00:00+0900,77688.6,78142.6,77651.1,78001.6,0.0,49.8,77696.6,77752.3,78827.0
2026-08-30T00:00:00+0900,78013.6,78013.6,77797.5,77855.6,0.0,46.2,77742.0,77684.7,78821.1
2026-08-30T01:00:00+0900,77862.1,78108.5,77846.0,78018.3,0.0,50.5,77830.6,77672.5,78815.3
2026-08-30T02:00:00+0900,78019.5,78106.3,77890.4,78096.4,0.0,52.5,77932.9,77684.8,78819.5
2026-08-30T03:00:00+0900,78091.3,78255.0,78007.9,78153.0,0.0,54.0,78025.0,77694.9,78821.3
2026-08-30T04:00:00+0900,78153.0,78334.4,78138.6,78193.6,0.0,55.1,78063.4,77720.9,78824.1
2026-08-30T05:00:00+0900,78193.6,78298.6,78113.4,78119.7,0.0,52.7,78116.2,77744.3,78819.8
2026-08-30T06:00:00+0900,78119.5,78199.5,78041.6,78164.2,0.0,54.0,78145.4,77774.9,78815.8
2026-08-30T07:00:00+0900,78163.7,78236.6,78079.9,78221.9,0.0,55.6,78170.5,77809.1,78812.5
2026-08-30T08:00:00+0900,78221.2,78277.2,78187.3,78233.9,0.0,56.0,78186.7,77828.5,78809.7
2026-08-30T09:00:00+0900,78232.6,78323.1,78146.1,78175.9,0.0,53.7,78183.1,77842.0,78802.4
2026-08-30T10:00:00+0900,78175.9,78179.5,77980.9,78076.9,101819392.0,50.0,78174.6,77855.7,78794.0
2026-08-30T11:00:00+0900,78076.9,78176.8,78002.7,78097.6,0.0,50.8,78161.3,77867.9,78781.7
2026-08-30T12:00:00+0900,78097.7,78230.0,78055.0,78135.1,0.0,52.2,78143.9,77886.6,78774.2
2026-08-30T13:00:00+0900,78135.1,78223.9,77991.0,78116.1,45350912.0,51.4,78120.3,77911.2,78763.8
2026-08-30T14:00:00+0900,78117.4,78220.0,78110.1,78138.6,0.0,52.3,78112.9,77931.1,78756.0
2026-08-30T15:00:00+0900,78138.6,78297.8,78109.5,78275.1,0.0,57.8,78152.5,77956.7,78748.7
2026-08-30T16:00:00+0900,78280.9,78291.5,78100.2,78103.0,0.0,50.0,78153.6,77982.4,78739.9
2026-08-30T17:00:00+0900,78105.2,78199.4,78021.1,78065.2,0.0,48.5,78139.6,78000.3,78729.1
2026-08-30T18:00:00+0900,78055.1,78117.6,77984.4,77992.1,0.0,45.6,78114.8,78014.3,78718.1
2026-08-30T19:00:00+0900,77979.4,78145.1,77959.1,78144.9,0.0,52.1,78116.1,78034.4,78705.8
2026-08-30T20:00:00+0900,78145.0,78233.9,78109.5,78163.4,0.0,52.8,78093.7,78055.8,78684.5
2026-08-30T21:00:00+0900,78171.8,78838.3,78170.6,78746.8,747046912.0,68.9,78222.5,78102.7,78668.0
2026-08-30T22:00:00+0900,78764.8,78963.7,78584.1,78849.8,623563776.0,70.8,78379.4,78153.3,78657.7
2026-08-30T23:00:00+0900,78852.4,78946.3,78701.2,78778.4,0.0,67.7,78536.7,78196.7,78648.4
2026-08-31T00:00:00+0900,78778.4,78894.1,78619.4,78821.7,360071168.0,68.6,78672.0,78229.5,78642.3
2026-08-31T01:00:00+0900,78827.1,79387.9,78731.0,79331.7,541491200.0,76.8,78905.7,78288.5,78639.7
2026-08-31T02:00:00+0900,79331.7,79331.7,78778.6,79011.7,675948544.0,65.3,78958.7,78328.3,78623.5
2026-08-31T03:00:00+0900,79020.0,79169.8,78787.6,79028.0,173987840.0,65.6,78994.3,78365.5,78606.3
2026-08-31T04:00:00+0900,79028.0,79039.0,78704.5,78856.1,10842112.0,60.1,79009.9,78393.7,78585.9
2026-08-31T05:00:00+0900,78864.9,78922.6,78433.4,78582.3,293439488.0,52.5,78962.0,78409.2,78561.1
2026-08-31T06:00:00+0900,78582.3,78723.5,78260.3,78646.8,700779520.0,53.9,78825.0,78430.3,78540.7
2026-08-31T07:00:00+0900,78601.9,78795.9,78284.7,78426.0,440715264.0,48.4,78707.8,78440.8,78520.6
2026-08-31T08:00:00+0900,78415.9,78437.9,77049.7,77683.5,2666158080.0,35.3,78438.9,78419.2,78488.2
2026-08-31T09:00:00+0900,77657.5,78150.9,77428.3,77921.5,1179308032.0,40.8,78252.0,78406.7,78457.8
2026-08-31T10:00:00+0900,77897.7,77985.7,77540.2,77632.2,626155520.0,36.7,78062.0,78385.0,78422.0
2026-08-31T11:00:00+0900,77621.1,77988.2,77369.6,77453.6,584818688.0,34.4,77823.4,78360.1,78384.3
2026-08-31T12:00:00+0900,77477.2,77850.0,77373.1,77744.8,324796416.0,40.9,77687.1,78345.9,78346.3
2026-08-31T13:00:00+0900,77751.0,77763.7,77448.4,77603.9,433309696.0,38.9,77671.2,78324.7,78307.5
2026-08-31T14:00:00+0900,77603.9,78142.8,77500.0,78012.1,815953920.0,47.0,77689.3,78320.5,78281.8
2026-08-31T15:00:00+0900,77995.5,78128.3,77855.5,78083.5,756377600.0,48.3,77779.6,78318.3,78258.6
2026-08-31T16:00:00+0900,78067.1,78300.0,78021.4,78179.0,1024468992.0,50.1,77924.7,78314.5,78239.0
2026-08-31T17:00:00+0900,78189.8,78500.0,77966.2,78459.8,948441088.0,54.9,78067.7,78328.8,78222.5
2026-08-31T18:00:00+0900,78454.4,78790.4,78379.5,78493.3,839370752.0,55.5,78245.6,78345.9,78203.6
2026-08-31T19:00:00+0900,78509.3,78675.6,78282.1,78675.6,709822464.0,58.5,78378.2,78373.2,78190.2
2026-08-31T20:00:00+0900,78675.6,78675.6,78266.6,78287.0,545689600.0,50.6,78418.9,78378.9,78173.8
2026-08-31T21:00:00+0900,78281.2,78506.7,77691.9,77913.4,359725056.0,44.5,78365.8,78368.9,78155.4
2026-08-31T22:00:00+0900,77913.4,78262.5,77720.2,77837.4,945094656.0,43.3,78241.3,78332.5,78132.3
2026-08-31T23:00:00+0900,77844.2,78660.8,77724.4,78548.5,1153599488.0,55.1,78252.4,78320.5,78118.2
2026-09-01T00:00:00+0900,78605.0,78750.0,78190.1,78559.1,1390127104.0,55.2,78229.1,78311.7,78106.8
2026-09-01T01:00:00+0900,78566.5,78843.6,78506.6,78616.6,54583296.0,56.1,78295.0,78303.5,78095.1
2026-09-01T02:00:00+0900,78602.1,78982.6,78479.5,78888.6,140066816.0,60.0,78490.0,78285.8,78086.3
2026-09-01T03:00:00+0900,78890.1,79196.7,78768.6,79004.0,613715968.0,61.5,78723.4,78285.5,78095.4
2026-09-01T04:00:00+0900,79017.4,79253.9,78844.7,78878.9,474619904.0,58.9,78789.4,78279.5,78109.9
2026-09-01T05:00:00+0900,78904.1,79149.0,78772.5,78842.7,233000960.0,58.1,78846.1,78279.0,78122.5
2026-09-01T06:00:00+0900,78853.3,79050.0,78720.0,78944.8,0.0,59.7,78911.8,78293.5,78141.2
2026-09-01T07:00:00+0900,78945.8,79000.0,78555.0,78568.3,0.0,51.7,78847.7,78290.3,78155.0
2026-09-01T08:00:00+0900,78568.3,78568.3,78380.0,78562.7,0.0,51.6,78759.5,78295.8,78170.5
2026-09-01T09:00:00+0900,78556.9,78880.5,78537.7,78628.0,0.0,52.9,78709.3,78333.6,78187.3
2026-09-01T10:00:00+0900,78640.7,78780.3,78353.5,78377.2,564154368.0,47.7,78616.2,78351.8,78195.7
2026-09-01T11:00:00+0900,78351.0,78428.6,78161.5,78422.5,176121856.0,48.7,78511.7,78383.4,78203.5
2026-09-01T12:00:00+0900,78422.5,78850.0,78370.5,78653.9,358709248.0,53.5,78528.9,78431.4,78215.7
2026-09-01T13:00:00+0900,78653.9,78870.1,78619.6,78704.5,0.0,54.5,78557.2,78469.8,78227.9
2026-09-01T14:00:00+0900,78716.3,79195.3,78716.3,79136.1,89683968.0,61.9,78658.8,78531.1,78247.5
2026-09-01T15:00:00+0900,79115.8,79115.8,78708.7,78708.7,0.0,52.7,78725.1,78559.0,78263.6
2026-09-01T16:00:00+0900,78702.0,78781.5,78480.6,78609.9,0.0,50.8,78762.6,78580.0,78276.5
2026-09-01T17:00:00+0900,78615.9,78635.0,77802.9,77858.4,661682176.0,39.3,78603.5,78567.2,78279.5
2026-09-01T18:00:00+0900,77875.0,78037.4,77757.3,77893.2,396449792.0,40.0,78441.3,78544.5,78285.2
2026-09-01T19:00:00+0900,77885.4,78174.8,77740.6,77989.1,0.0,41.9,78211.9,78524.4,78290.2
2026-09-01T20:00:00+0900,77984.6,78168.5,77850.0,78061.7,0.0,43.4,78082.5,78499.8,78295.8
2026-09-01T21:00:00+0900,78061.7,78121.1,77716.8,77969.0,0.0,41.9,77954.3,78487.1,78300.1
2026-09-01T22:00:00+0900,77959.3,78176.0,77472.0,78041.1,691603456.0,43.5,77990.8,78492.2,78305.6
2026-09-01T23:00:00+0900,78112.1,78397.0,78025.9,78139.8,0.0,45.7,78040.1,78504.3,78313.2
2026-09-02T00:00:00+0900,78129.8,78129.8,77691.5,77881.4,0.0,41.2,78018.6,78477.6,78317.1
2026-09-02T01:00:00+0900,77893.7,77947.5,77289.0,77565.4,158550016.0,36.4,77919.3,78437.9,78315.4
2026-09-02T02:00:00+0900,77566.8,77692.6,77224.9,77238.2,0.0,32.2,77773.2,78382.7,78305.2
2026-09-02T03:00:00+0900,77259.8,77294.6,76381.1,77126.9,1509505024.0,31.0,77590.4,78312.3,78295.5
2026-09-02T04:00:00+0900,77111.3,77413.5,77081.1,77267.9,176222208.0,34.5,77416.0,78242.8,78285.5
2026-09-02T05:00:00+0900,77277.2,77440.9,77199.4,77403.8,0.0,37.9,77320.5,78183.8,78276.3
2026-09-02T06:00:00+0900,77418.2,77479.1,76875.1,77165.9,64145408.0,34.6,77240.6,78116.7,78263.1
2026-09-02T07:00:00+0900,77166.6,77328.8,76985.2,77225.0,235620352.0,36.1,77237.9,78047.9,78250.2
2026-09-02T08:00:00+0900,77231.8,77558.2,77165.0,77398.7,0.0,40.4,77292.3,78001.2,78240.6
2026-09-02T09:00:00+0900,77423.5,77473.7,77088.5,77171.6,941068288.0,36.9,77273.0,77945.5,78227.4
2026-09-02T10:00:00+0900,77152.5,77317.5,76663.5,76965.7,7747584.0,34.0,77185.4,77879.0,78210.6
2026-09-02T11:00:00+0900,76962.4,77292.2,76897.3,77277.2,209506304.0,41.5,77207.6,77835.0,78197.9
2026-09-02T12:00:00+0900,77277.2,77750.0,77255.5,77512.5,139085824.0,46.4,77265.1,77798.6,78189.0
2026-09-02T13:00:00+0900,77501.9,77577.1,77239.7,77516.8,0.0,46.5,77288.7,77753.1,78181.5
2026-09-02T14:00:00+0900,77516.8,77722.7,77392.9,77605.4,0.0,48.4,77375.5,77709.2,78175.0
2026-09-02T15:00:00+0900,77626.7,77678.1,77415.3,77573.7,0.0,47.7,77497.1,77646.7,78167.5
2026-09-02T16:00:00+0900,77573.7,77732.9,77435.1,77436.2,0.0,44.9,77528.9,77595.8,78158.4
2026-09-02T17:00:00+0900,77459.6,77510.9,76701.6,76802.0,0.0,34.7,77386.8,77523.5,78140.6
2026-09-02T18:00:00+0900,76807.4,77013.0,76449.1,76711.1,131500032.0,33.5,77225.7,77477.6,78119.7
2026-09-02T19:00:00+0900,76708.0,76716.7,76244.7,76638.8,0.0,32.6,77032.4,77427.4,78100.2
2026-09-02T20:00:00+0900,76628.0,76800.2,76310.1,76778.5,504576000.0,36.3,76873.3,77379.0,78083.1
2026-09-02T21:00:00+0900,76760.0,77011.2,76567.9,76567.9,240304128.0,33.3,76699.7,77319.2,78064.1
2026-09-02T22:00:00+0900,76565.4,77375.0,76565.4,77112.6,0.0,45.8,76761.8,77285.0,78050.3
2026-09-02T23:00:00+0900,77085.0,77449.1,76965.1,77025.3,0.0,44.4,76824.6,77244.3,78035.1
2026-09-03T00:00:00+0900,77016.8,77349.5,76700.5,77253.0,354033664.0,48.9,76947.5,77208.9,78015.2
2026-09-03T01:00:00+0900,77244.5,77538.6,77139.9,77139.9,258367488.0,46.8,77019.8,77179.2,77992.4
2026-09-03T02:00:00+0900,77144.1,77368.9,76922.0,77351.5,0.0,50.9,77176.5,77170.6,77973.4
2026-09-03T03:00:00+0900,77351.5,77486.3,77264.4,77348.3,0.0,50.9,77223.6,77175.0,77953.8
2026-09-03T04:00:00+0900,77339.8,77394.0,77090.0,77324.6,0.0,50.4,77283.5,77183.0,77927.0
2026-09-03T05:00:00+0900,77333.0,77502.1,77177.7,77378.1,122605568.0,51.5,77308.5,77187.4,77905.2
2026-09-03T06:00:00+0900,77378.1,77404.3,77216.1,77264.9,0.0,48.9,77333.5,77181.8,77881.7
2026-09-03T07:00:00+0900,77256.7,77256.7,76989.6,77003.6,0.0,43.4,77263.9,77175.3,77857.0
2026-09-03T08:00:00+0900,77006.6,77347.4,76980.0,77316.1,0.0,50.6,77257.5,77179.0,77840.1
2026-09-03T09:00:00+0900,77302.8,77363.3,76955.8,77027.8,0.0,44.9,77198.1,77164.1,77818.5
2026-09-03T10:00:00+0900,77035.1,77512.5,76937.9,77323.5,0.0,51.0,77187.2,77170.2,77803.8
2026-09-03T11:00:00+0900,77319.7,77877.2,77200.8,77787.0,989257728.0,58.6,77291.6,77203.1,77805.2
2026-09-03T12:00:00+0900,77760.3,77853.0,77606.4,77674.0,89169920.0,56.3,77425.7,77218.9,77801.9
2026-09-03T13:00:00+0900,77674.0,77804.2,77510.0,77740.7,0.0,57.4,77510.6,77228.1,77803.4
2026-09-03T14:00:00+0900,77755.0,77798.3,77056.8,77781.1,384065536.0,58.0,77661.3,77238.6,77807.7
2026-09-03T15:00:00+0900,77781.1,77818.0,77658.9,77798.0,66244608.0,58.3,77756.1,77246.3,77808.4
2026-09-03T16:00:00+0900,77797.3,78147.2,77560.9,77621.7,359268352.0,54.1,77723.1,77248.3,77808.7
2026-09-03T17:00:00+0900,77639.4,78037.4,77639.4,77803.1,0.0,57.5,77748.9,77262.9,77805.9
2026-09-03T18:00:00+0900,77803.8,77924.4,77571.0,77571.0,0.0,52.1,77715.0,77293.7,77799.1
2026-09-03T19:00:00+0900,77571.0,77745.6,77436.3,77708.6,0.0,54.8,77700.5,77333.6,77792.8
2026-09-03T20:00:00+0900,77715.1,77971.6,77675.2,77910.3,0.0,58.5,77722.9,77384.5,77785.5
2026-09-03T21:00:00+0900,77901.9,78765.0,77852.9,78621.3,316008448.0,68.3,77922.9,77458.2,77787.2
2026-09-03T22:00:00+0900,78614.9,78982.0,78422.0,78823.9,692062208.0,70.5,78127.0,77548.4,77789.1
2026-09-03T23:00:00+0900,78785.4,80556.1,78679.0,80556.1,2129303552.0,81.8,78724.0,77686.1,77819.4
2026-09-04T00:00:00+0900,80519.4,81391.5,80368.4,81358.2,3609931776.0,84.7,79454.0,77859.5,77865.3
2026-09-04T01:00:00+0900,81366.6,81387.1,80631.7,80974.0,1275899904.0,78.3,80066.7,78008.3,77907.1
2026-09-04T02:00:00+0900,80969.8,81198.0,80880.8,81052.5,946206720.0,78.6,80552.9,78164.8,77940.5
2026-09-04T03:00:00+0900,81048.2,81340.0,80904.0,81268.4,691415040.0,79.6,81041.8,78321.5,77976.7
2026-09-04T04:00:00+0900,81253.4,81803.1,81174.7,81759.4,878350336.0,81.7,81282.5,78497.9,78018.6
2026-09-04T05:00:00+0900,81772.0,81794.8,81400.0,81482.9,1215848448.0,76.9,81307.4,78664.2,78053.2
2026-09-04T06:00:00+0900,81468.8,82272.0,81314.4,81600.2,1717960704.0,77.5,81432.7,78833.1,78087.8
2026-09-04T07:00:00+0900,81603.2,81627.2,80921.2,81155.6,1133797376.0,70.1,81453.3,78988.8,78118.1
2026-09-04T08:00:00+0900,81153.4,81341.3,81080.0,81272.5,642990080.0,70.8,81454.1,79159.5,78150.5
2026-09-04T09:00:00+0900,81261.5,81438.0,80965.0,80977.3,526274560.0,66.1,81297.7,79306.0,78177.6
2026-09-04T10:00:00+0900,80979.1,81095.0,80780.0,80975.3,0.0,66.0,81196.2,79463.9,78209.7
2026-09-04T11:00:00+0900,80968.4,80974.0,80667.9,80827.5,666333184.0,63.6,81041.6,79604.0,78239.9
2026-09-04T12:00:00+0900,80836.0,80999.4,80800.0,80850.5,249188352.0,63.8,80980.6,79726.6,78269.5
2026-09-04T13:00:00+0900,80840.0,81282.0,80814.0,81071.9,479719424.0,66.0,80940.5,79862.5,78305.5
2026-09-04T14:00:00+0900,81071.9,81138.5,80856.9,80983.2,0.0,64.3,80941.7,79992.2,78339.6
2026-09-04T15:00:00+0900,80983.2,81082.8,80576.0,80792.0,0.0,60.7,80905.0,80112.6,78368.1
2026-09-04T16:00:00+0900,80768.8,80955.1,80635.3,80650.8,37732352.0,58.1,80869.7,80226.7,78394.1
2026-09-04T17:00:00+0900,80664.7,81223.5,80523.6,81140.0,893190144.0,63.9,80927.6,80367.5,78420.8
2026-09-04T18:00:00+0900,81143.0,81288.9,80926.0,81045.2,592457728.0,62.1,80922.3,80497.1,78452.0
2026-09-04T19:00:00+0900,81039.9,81190.8,80816.5,81179.1,790847488.0,63.6,80961.4,80641.5,78486.2
2026-09-04T20:00:00+0900,81192.0,81405.4,81074.1,81219.6,132042752.0,64.1,81047.0,80781.9,78531.0
2026-09-04T21:00:00+0900,81221.2,81356.1,79195.2,79434.6,3727601664.0,39.5,80803.7,80842.9,78551.6
2026-09-04T22:00:00+0900,79452.4,79691.1,78979.5,79363.0,1449725952.0,38.9,80448.3,80872.5,78569.9
2026-09-04T23:00:00+0900,79361.4,79547.1,78627.6,78894.6,0.0,34.9,80018.2,80875.4,78581.0
2026-09-05T00:00:00+0900,78889.6,79556.3,78783.6,79423.0,0.0,42.1,79667.0,80830.0,78600.4
2026-09-05T01:00:00+0900,79421.4,79869.8,79377.8,79748.0,0.0,46.1,79372.6,80765.6,78623.1
2026-09-05T02:00:00+0900,79759.6,79763.4,79393.5,79469.9,220561408.0,43.4,79379.7,80705.5,78640.9
2026-09-05T03:00:00+0900,79476.1,79668.3,79476.1,79617.9,0.0,45.2,79430.7,80648.1,78664.0
2026-09-05T04:00:00+0900,79630.0,79832.2,79627.0,79812.5,0.0,47.7,79614.2,80589.9,78694.0
2026-09-05T05:00:00+0900,79775.8,79884.8,79690.1,79723.5,0.0,46.6,79674.3,80508.4,78727.1
2026-09-05T06:00:00+0900,79718.7,79846.9,79544.5,79654.1,0.0,45.8,79655.6,80435.3,78760.8
2026-09-05T07:00:00+0900,79654.1,79734.2,79639.6,79654.1,0.0,45.8,79692.4,80357.4,78792.6
2026-09-05T08:00:00+0900,79654.1,79772.0,79614.6,79675.1,0.0,46.1,79703.9,80298.2,78822.9
2026-09-05T09:00:00+0900,79675.1,79732.9,79574.5,79584.0,0.0,44.9,79658.2,80230.7,78855.2
2026-09-05T10:00:00+0900,79601.5,79731.6,79551.0,79551.0,0.0,44.4,79623.7,80173.6,78886.2
2026-09-05T11:00:00+0900,79551.0,79635.3,79500.0,79584.5,0.0,45.0,79609.7,80118.0,78915.3
2026-09-05T12:00:00+0900,79584.9,79642.3,79527.3,79596.3,0.0,45.3,79598.2,80068.7,78947.7
2026-09-05T13:00:00+0900,79606.5,79606.5,79511.0,79511.0,0.0,43.8,79565.4,80015.2,78981.6
2026-09-05T14:00:00+0900,79515.0,79617.5,79463.8,79590.3,0.0,45.6,79566.6,79955.9,79012.4
2026-09-05T15:00:00+0900,79591.5,79728.7,79591.5,79660.0,0.0,47.2,79588.4,79903.0,79041.1
2026-09-05T16:00:00+0900,79654.1,79775.8,79654.1,79726.8,0.0,48.7,79616.9,79860.4,79070.5
2026-09-05T17:00:00+0900,79721.8,79729.0,79575.5,79653.3,0.0,47.1,79628.3,79820.5,79097.8
2026-09-05T18:00:00+0900,79653.3,79733.3,79614.0,79635.0,0.0,46.7,79653.1,79760.3,79125.3
2026-09-05T19:00:00+0900,79635.0,79673.1,79590.7,79621.1,0.0,46.3,79659.2,79703.3,79154.5
2026-09-05T20:00:00+0900,79621.1,79684.0,79612.5,79621.9,0.0,46.3,79651.6,79641.0,79192.1
2026-09-05T21:00:00+0900,79621.9,79788.0,79617.0,79710.7,0.0,49.1,79648.4,79580.7,79232.0
2026-09-05T22:00:00+0900,79720.5,79775.7,79563.0,79624.5,0.0,46.6,79642.7,79588.2,79271.9
2026-09-05T23:00:00+0900,79622.9,79759.1,79622.9,79723.2,0.0,49.8,79660.3,79602.7,79311.1
2026-09-06T00:00:00+0900,79723.2,79820.9,79681.9,79802.0,0.0,52.2,79696.5,79638.9,79354.2
2026-09-06T01:00:00+0900,79802.0,80200.0,79755.8,80040.5,0.0,58.7,79780.2,79663.7,79393.3
2026-09-06T02:00:00+0900,80056.5,80162.9,79987.7,80072.2,746921984.0,59.5,79852.5,79676.6,79433.9
2026-09-06T03:00:00+0900,80064.7,80085.8,79931.0,80000.0,360488960.0,56.8,79927.6,79697.8,79470.5
2026-09-06T04:00:00+0900,79997.8,79997.8,79715.7,79753.2,0.0,48.8,79933.6,79703.2,79505.4
2026-09-06T05:00:00+0900,79753.2,79841.2,79688.3,79740.1,176429056.0,48.4,79921.2,79700.3,79537.2
2026-09-06T06:00:00+0900,79740.1,79940.0,79733.4,79910.3,0.0,53.6,79895.2,79707.8,79571.4
2026-09-06T07:00:00+0900,79929.0,79947.0,79755.0,79790.4,0.0,49.8,79838.8,79713.3,79604.3
2026-09-06T08:00:00+0900,79784.0,79899.5,79720.5,79840.6,534507520.0,51.3,79806.9,79720.7,79637.1
2026-09-06T09:00:00+0900,79835.6,79945.5,79834.0,79872.2,19673088.0,52.4,79830.7,79728.6,79671.9
2026-09-06T10:00:00+0900,79872.2,80057.5,79872.2,79954.3,127531008.0,55.0,79873.6,79743.4,79711.2
2026-09-06T11:00:00+0900,79974.0,80019.6,79875.0,79906.8,116350976.0,53.1,79872.9,79757.7,79745.7
2026-09-06T12:00:00+0900,79907.0,80113.5,79890.9,80031.9,130453504.0,57.1,79921.2,79775.6,79785.8
2026-09-06T13:00:00+0900,80031.9,80031.9,79867.8,79867.8,52097024.0,51.0,79926.6,79786.4,79819.7
2026-09-06T14:00:00+0900,79867.8,80109.0,79798.8,79989.7,432795648.0,54.9,79950.1,79805.6,79849.1
2026-09-06T15:00:00+0900,79992.2,79992.2,79700.0,79771.8,45502464.0,47.6,79913.6,79812.8,79877.1
2026-09-06T16:00:00+0900,79782.7,79862.3,79602.0,79810.1,194424832.0,48.9,79894.2,79818.8,79904.7
2026-09-06T17:00:00+0900,79813.2,79893.0,79760.2,79845.0,79407104.0,50.1,79856.9,79823.5,79932.2
2026-09-06T18:00:00+0900,79844.5,79997.0,79810.1,79890.5,308307968.0,51.7,79861.4,79833.0,79960.1
2026-09-06T19:00:00+0900,79890.5,80021.7,79890.5,80000.6,0.0,55.4,79863.6,79847.7,79991.8
2026-09-06T20:00:00+0900,80000.6,80005.3,79893.4,79923.0,173490176.0,52.3,79893.8,79859.7,80020.1
2026-09-06T21:00:00+0900,79923.0,80014.6,79860.0,79920.5,0.0,52.2,79915.9,79871.7,80051.4
2026-09-06T22:00:00+0900,79920.5,79971.0,79761.1,79833.0,0.0,48.7,79913.5,79876.6,80079.7
2026-09-06T23:00:00+0900,79827.3,79845.7,79333.5,79538.5,781266944.0,39.2,79843.1,79873.1,80101.4
2026-09-07T00:00:00+0900,79542.1,79722.0,79393.1,79707.6,2629632.0,45.8,79784.5,79872.5,80115.9
2026-09-07T01:00:00+0900,79706.2,79780.7,79595.1,79679.2,0.0,44.9,79735.8,79867.6,80127.3
2026-09-07T02:00:00+0900,79679.2,79770.0,79581.8,79741.2,0.0,47.3,79699.9,79855.6,80116.4
2026-09-07T03:00:00+0900,79741.2,79967.0,79741.2,79941.9,0.0,54.1,79721.7,79850.4,80097.6
2026-09-07T04:00:00+0900,79943.5,79943.5,79793.0,79830.0,0.0,50.2,79780.0,79843.6,80082.3
2026-09-07T05:00:00+0900,79830.0,79973.0,79774.2,79892.3,0.0,52.3,79816.9,79849.2,80066.8
2026-09-07T06:00:00+0900,79928.6,80028.9,79868.3,79945.2,185645056.0,54.0,79870.1,79857.4,80049.2
2026-09-07T07:00:00+0900,79945.2,80088.0,79638.3,80048.7,426878976.0,57.3,79931.6,79862.9,80026.4
2026-09-07T08:00:00+0900,80052.7,80538.3,80010.1,80339.3,693401600.0,65.0,80011.1,79884.9,80011.1
2026-09-07T09:00:00+0900,80361.1,80443.0,80052.3,80148.0,807239680.0,57.7,80074.7,79897.2,79991.8
2026-09-07T10:00:00+0900,80154.8,80228.6,79819.8,79923.0,224387072.0,50.5,80080.9,79899.2,79975.3
2026-09-07T11:00:00+0900,79917.0,80392.7,79784.6,79863.4,310829056.0,48.7,80064.5,79895.6,79956.6
2026-09-07T12:00:00+0900,79840.0,79970.7,79560.6,79587.3,473704448.0,41.6,79972.2,79882.8,79938.0
2026-09-07T13:00:00+0900,79580.5,79719.0,79535.4,79708.5,488949760.0,45.4,79846.1,79869.8,79921.1
2026-09-07T14:00:00+0900,79702.4,79908.9,79652.0,79740.2,0.0,46.4,79764.5,79864.7,79906.6
2026-09-07T15:00:00+0900,79734.6,79815.1,79643.1,79645.5,394926080.0,43.9,79709.0,79851.0,79890.6
2026-09-07T16:00:00+0900,79638.7,79677.0,79023.5,79379.9,1218529280.0,37.7,79612.3,79835.3,79868.0
2026-09-07T17:00:00+0900,79393.5,79518.7,79380.9,79417.9,0.0,39.0,79578.4,79819.6,79847.1
2026-09-07T18:00:00+0900,79426.6,79538.5,79293.0,79301.3,0.0,36.4,79497.0,79797.9,79827.3
2026-09-07T19:00:00+0900,79325.0,79446.0,79312.5,79350.6,80900096.0,38.3,79419.1,79776.3,79809.9
2026-09-07T20:00:00+0900,79350.6,79476.0,79269.1,79409.1,145793024.0,40.5,79371.8,79752.6,79786.8
2026-09-07T21:00:00+0900,79416.7,79622.7,79395.0,79597.8,30158848.0,47.1,79415.3,79739.6,79767.5
2026-09-07T22:00:00+0900,79584.5,79639.7,79301.0,79344.8,420917248.0,40.6,79400.7,79716.6,79743.1
2026-09-07T23:00:00+0900,79337.1,79393.4,78956.0,79184.1,0.0,37.1,79377.3,79690.6,79715.9
2026-09-08T00:00:00+0900,79179.0,79179.0,78680.4,78800.0,895289344.0,30.4,79267.2,79661.1,79707.5
2026-09-08T01:00:00+0900,78815.0,79020.0,78780.1,79011.0,476438528.0,37.1,79187.5,79633.2,79702.8
2026-09-08T02:00:00+0900,79011.0,79198.3,78995.3,79170.0,46448640.0,41.7,79102.0,79612.8,79706.5
2026-09-08T03:00:00+0900,79174.9,79238.9,79085.3,79195.0,148563968.0,42.4,79072.0,79591.0,79703.4
2026-09-08T04:00:00+0900,79195.0,79394.7,79146.6,79352.2,80259072.0,46.8,79105.6,79567.4,79698.1
2026-09-08T05:00:00+0900,79355.6,79386.2,79150.8,79220.5,0.0,43.8,79189.8,79543.0,79694.8
2026-09-08T06:00:00+0900,79227.4,79252.9,79139.5,79139.5,0.0,42.0,79215.5,79512.9,79688.4
2026-09-08T07:00:00+0900,79146.1,79193.9,78787.9,78929.9,510029824.0,37.7,79167.4,79472.3,79676.7
2026-09-08T08:00:00+0900,78924.0,79195.5,78924.0,79092.0,0.0,42.6,79146.8,79434.0,79668.3
2026-09-08T09:00:00+0900,79076.2,79296.8,78951.7,79293.4,0.0,48.0,79135.1,79392.2,79663.4
2026-09-08T10:00:00+0900,79293.6,79440.0,79245.0,79413.9,0.0,51.0,79173.7,79362.8,79660.2
2026-09-08T11:00:00+0900,79417.0,79472.3,78914.5,78914.6,196890624.0,40.6,79128.8,79322.5,79650.1
2026-09-08T12:00:00+0900,78914.0,78987.0,78709.3,78875.2,396902400.0,39.9,79117.8,79283.0,79640.7
2026-09-08T13:00:00+0900,78875.2,78900.6,78649.9,78649.9,0.0,36.1,79029.4,79245.5,79628.6
2026-09-08T14:00:00+0900,78649.9,78851.3,78541.8,78556.8,467638272.0,34.6,78882.1,79199.4,79614.9
2026-09-08T15:00:00+0900,78561.8,78610.0,78234.4,78299.3,1552943104.0,30.9,78659.1,79141.8,79597.6
2026-09-08T16:00:00+0900,78311.0,78567.7,78162.7,78451.1,2446374912.0,35.3,78566.4,79094.0,79583.5
2026-09-08T17:00:00+0900,78430.5,78546.6,78260.7,78378.5,801894400.0,34.2,78467.1,79053.9,79567.4
2026-09-08T18:00:00+0900,78392.2,78774.0,78314.1,78735.7,895762432.0,43.7,78484.3,79026.7,79555.0
2026-09-08T19:00:00+0900,78725.9,78958.8,78534.2,78534.2,0.0,40.2,78479.8,78996.0,79539.1
2026-09-08T20:00:00+0900,78550.9,78553.0,78259.8,78401.1,461287424.0,38.0,78500.1,78958.0,79522.4
2026-09-08T21:00:00+0900,78401.9,78454.5,78189.6,78421.9,1061222400.0,38.6,78494.3,78918.5,79506.3
2026-09-08T22:00:00+0900,78421.1,78512.9,77629.5,77933.0,1989484544.0,31.4,78405.2,78851.9,79483.7
2026-09-08T23:00:00+0900,77975.8,78588.6,77826.1,78538.6,1410002944.0,45.1,78365.8,78819.7,79469.3
2026-09-09T00:00:00+0900,78530.1,78900.0,78435.2,78897.5,434538496.0,51.3,78438.4,78808.2,79458.5
2026-09-09T01:00:00+0900,78900.0,78968.0,78565.9,78730.8,312041472.0,48.5,78504.4,78805.4,79446.5
2026-09-09T02:00:00+0900,78730.8,78887.1,78483.6,78493.2,0.0,44.8,78518.6,78784.7,79430.1
2026-09-09T03:00:00+0900,78491.7,78802.5,78280.6,78423.5,121767936.0,43.8,78616.7,78754.9,79411.8
2026-09-09T04:00:00+0900,78439.6,78520.9,78310.3,78435.6,720578560.0,44.0,78596.1,78724.5,79390.4
2026-09-09T05:00:00+0900,78429.9,78612.9,78387.3,78482.5,215629824.0,45.0,78513.1,78689.7,79369.2
2026-09-09T06:00:00+0900,78482.5,78619.0,78391.8,78484.4,121544704.0,45.1,78463.8,78660.2,79349.0
2026-09-09T07:00:00+0900,78475.4,78628.6,78440.0,78545.4,0.0,46.5,78474.3,78636.5,79332.9
2026-09-09T08:00:00+0900,78545.4,78564.4,78399.1,78447.1,29544448.0,44.5,78479.0,78617.2,79315.6
2026-09-09T09:00:00+0900,78457.8,78792.0,78447.1,78765.5,0.0,51.8,78545.0,78604.1,79300.4
2026-09-09T10:00:00+0900,78768.8,78887.7,78624.9,78879.7,141301760.0,54.1,78624.4,78587.6,79288.2
2026-09-09T11:00:00+0900,78892.3,78923.4,78680.6,78730.2,0.0,50.7,78673.6,78560.2,79273.4
2026-09-09T12:00:00+0900,78713.1,78713.1,78537.1,78619.7,0.0,48.2,78688.4,78548.4,79256.7
2026-09-09T13:00:00+0900,78629.1,79200.0,78628.4,79159.1,0.0,58.7,78830.8,78559.8,79246.1
2026-09-09T14:00:00+0900,79171.0,79353.7,78823.3,78914.4,0.0,53.4,78860.6,78570.3,79232.9
2026-09-09T15:00:00+0900,78921.8,79270.0,78844.8,79150.3,0.0,57.4,78914.7,78594.1,79221.1
2026-09-09T16:00:00+0900,79140.5,79355.0,79137.3,79258.8,0.0,59.2,79020.4,78632.5,79213.0
2026-09-09T17:00:00+0900,79281.6,79729.2,79254.6,79695.4,0.0,65.3,79235.6,78682.2,79209.1
2026-09-09T18:00:00+0900,79711.4,79711.4,78879.7,78940.0,0.0,51.0,79191.8,78704.7,79198.0
2026-09-09T19:00:00+0900,78950.9,79175.8,78855.4,78901.8,50634752.0,50.4,79189.2,78711.3,79185.9
2026-09-09T20:00:00+0900,78905.6,79351.6,78720.5,79294.3,41531392.0,56.1,79218.0,78741.7,79178.5
2026-09-09T21:00:00+0900,79330.2,79648.5,79267.7,79580.0,457316352.0,59.8,79282.3,78788.9,79174.4
2026-09-09T22:00:00+0900,79588.1,79661.8,79089.2,79117.6,0.0,52.2,79166.7,78816.7,79162.6
2026-09-09T23:00:00+0900,79050.7,79398.7,78851.7,78941.8,0.0,49.7,79167.1,78857.1,79149.5
2026-09-10T00:00:00+0900,78941.8,79404.5,78036.6,78576.4,2125910016.0,44.8,79102.0,78858.6,79131.6
2026-09-10T01:00:00+0900,78582.6,78897.5,78441.6,78783.2,201500672.0,47.9,78999.8,78854.0,79117.6
2026-09-10T02:00:00+0900,78783.2,78915.5,78655.0,78754.9,0.0,47.5,78834.8,78855.0,79107.2
2026-09-10T03:00:00+0900,78759.2,78773.4,78399.4,78399.4,0.0,42.7,78691.1,78851.2,79089.7
2026-09-10T04:00:00+0900,78399.3,78569.9,78133.0,78216.8,0.0,40.4,78546.1,78843.0,79070.2
2026-09-10T05:00:00+0900,78215.5,78325.0,77994.7,78303.9,382844928.0,42.0,78491.6,78837.7,79051.1
2026-09-10T06:00:00+0900,78300.8,78323.3,77981.1,78128.3,29675520.0,39.7,78360.6,78823.5,79026.9
2026-09-10T07:00:00+0900,78159.0,78182.7,77756.8,77897.6,560357376.0,36.9,78189.2,78800.1,79001.1
2026-09-10T08:00:00+0900,77906.4,78291.9,77906.4,78291.2,52363264.0,44.2,78167.5,78789.9,78979.8
2026-09-10T09:00:00+0900,78284.0,78353.1,78060.1,78151.7,470894592.0,42.3,78154.5,78778.1,78955.8
2026-09-10T10:00:00+0900,78151.7,78484.2,77916.9,78070.4,147806208.0,41.2,78107.8,78750.3,78929.5
2026-09-10T11:00:00+0900,78063.7,78346.2,77944.0,78326.1,0.0,46.0,78147.4,78728.1,78902.6
2026-09-10T12:00:00+0900,78326.1,78508.9,78245.6,78297.1,244834304.0,45.5,78227.3,78710.8,78877.9
2026-09-10T13:00:00+0900,78290.2,78407.0,78272.0,78368.7,0.0,46.9,78242.8,78700.8,78857.2
2026-09-10T14:00:00+0900,78372.6,78525.6,78241.8,78499.0,0.0,49.4,78312.3,78674.4,78839.0
2026-09-10T15:00:00+0900,78505.5,78506.9,78133.8,78389.7,196124672.0,47.4,78376.1,78653.4,78823.1
2026-09-10T16:00:00+0900,78394.4,78394.4,77884.4,78079.5,155901952.0,42.1,78326.8,78610.5,78801.3
2026-09-10T17:00:00+0900,78078.0,78148.5,78008.4,78085.5,0.0,42.3,78284.5,78563.6,78779.3
2026-09-10T18:00:00+0900,78085.5,78199.7,77893.8,77942.0,0.0,39.9,78199.1,78493.5,78756.6
2026-09-10T19:00:00+0900,77956.8,78021.3,77796.1,77825.7,0.0,38.0,78064.5,78448.9,78735.8
2026-09-10T20:00:00+0900,77828.2,78027.8,77663.6,77820.8,0.0,37.9,77950.7,78405.7,78714.6
2026-09-10T21:00:00+0900,77809.3,77915.8,76661.4,76867.2,2557632512.0,26.3,77708.2,78308.6,78682.1
2026-09-10T22:00:00+0900,76855.7,77206.0,76709.8,77145.0,1531029504.0,32.8,77520.1,78211.2,78652.7
2026-09-10T23:00:00+0900,77179.1,77403.7,76920.9,77390.8,10958848.0,38.0,77409.9,78142.1,78625.8
2026-09-11T00:00:00+0900,77390.8,77390.8,77057.4,77218.7,0.0,35.9,77288.5,78073.2,78594.1
2026-09-11T01:00:00+0900,77220.5,77275.0,76758.0,77160.2,38973440.0,35.2,77156.4,78016.5,78564.9
2026-09-11T02:00:00+0900,77153.5,77508.8,77080.0,77294.3,406906880.0,38.2,77241.8,77957.0,78539.7
2026-09-11T03:00:00+0900,77286.0,77304.3,76950.0,77222.5,0.0,37.2,77257.3,77895.7,78518.7
2026-09-11T04:00:00+0900,77207.0,77252.9,77048.7,77119.5,0.0,35.7,77203.1,77844.5,78493.5
2026-09-11T05:00:00+0900,77128.2,77325.5,77088.2,77239.0,0.0,38.7,77207.1,77805.4,78467.7
2026-09-11T06:00:00+0900,77247.3,77274.2,77087.4,77110.0,821628928.0,36.7,77197.1,77757.6,78439.9
2026-09-11T07:00:00+0900,77126.0,77193.3,76786.5,76807.1,0.0,32.5,77099.6,77704.8,78406.0
2026-09-11T08:00:00+0900,76805.3,76845.3,76491.2,76532.0,899115008.0,29.3,76961.5,77650.2,78370.1
2026-09-11T09:00:00+0900,76530.2,76902.1,76513.3,76878.7,72431616.0,37.8,76913.4,77593.7,78340.0
2026-09-11T10:00:00+0900,76880.1,76974.1,76657.3,76948.3,0.0,39.3,76855.2,77545.5,78313.6
2026-09-11T11:00:00+0900,76956.1,76977.2,76734.2,76813.7,80640000.0,37.4,76795.9,77495.3,78283.2
2026-09-11T12:00:00+0900,76802.2,76871.4,76672.3,76863.7,412854272.0,38.6,76807.3,77436.8,78250.8
2026-09-11T13:00:00+0900,76865.7,77160.0,76857.4,77086.0,284207104.0,43.9,76918.1,77388.3,78219.8
2026-09-11T14:00:00+0900,77083.3,77225.3,77036.8,77225.3,0.0,46.9,76987.4,77342.6,78197.2
2026-09-11T15:00:00+0900,77225.3,77406.0,77139.3,77265.1,0.0,47.8,77050.7,77293.2,78175.8
2026-09-11T16:00:00+0900,77257.0,77379.5,77168.7,77199.5,0.0,46.5,77127.9,77245.6,78156.4
2026-09-11T17:00:00+0900,77192.6,77474.9,77107.2,77337.1,0.0,49.7,77222.6,77215.9,78140.2
2026-09-11T18:00:00+0900,77337.1,77348.2,76833.5,77022.0,72151040.0,43.2,77209.8,77173.4,78123.1
2026-09-11T19:00:00+0900,77004.4,77129.6,76928.9,76966.6,0.0,42.2,77158.1,77134.4,78103.4
2026-09-11T20:00:00+0900,76955.7,77014.9,76726.8,77014.9,0.0,43.5,77108.0,77101.9,78085.2
2026-09-11T21:00:00+0900,76994.7,78090.0,76173.3,77990.9,0.0,61.8,77266.3,77108.7,78075.2
2026-09-11T22:00:00+0900,77968.3,79306.8,77222.8,79206.6,1766649856.0,73.4,77640.2,77202.3,78084.2
2026-09-11T23:00:00+0900,79148.1,79748.4,78495.7,78789.5,3101087744.0,66.0,77993.7,77268.1,78089.4
2026-09-12T00:00:00+0900,78830.0,78830.0,77363.2,77703.4,201549824.0,51.5,78141.0,77280.6,78079.8
2026-09-12T01:00:00+0900,77664.2,78037.9,77375.9,77904.1,1710635008.0,53.5,78318.9,77308.0,78079.4
2026-09-12T02:00:00+0900,77899.7,77947.0,77466.7,77505.2,0.0,49.1,78221.7,77321.8,78065.6
2026-09-12T03:00:00+0900,77505.2,77508.2,76875.2,77017.7,0.0,44.3,77784.0,77310.7,78040.6
2026-09-12T04:00:00+0900,77027.9,77355.1,76980.1,77282.9,1250598912.0,47.3,77482.6,77313.1,78021.3
2026-09-12T05:00:00+0900,77256.6,77461.9,77175.1,77306.0,90644480.0,47.6,77403.2,77320.6,78005.4
2026-09-12T06:00:00+0900,77311.4,77411.3,77063.5,77104.2,0.0,45.4,77243.2,77315.2,77987.8
2026-09-12T07:00:00+0900,77104.7,77215.5,76962.5,77121.6,715022336.0,45.6,77166.5,77315.7,77970.3
2026-09-12T08:00:00+0900,77121.6,77210.9,77098.7,77208.7,0.0,46.8,77204.7,77331.7,77953.3
2026-09-12T09:00:00+0900,77207.0,77312.0,77202.1,77271.1,0.0,47.7,77202.3,77361.3,77937.2
2026-09-12T10:00:00+0900,77271.1,77370.3,77237.3,77250.0,0.0,47.4,77191.1,77376.2,77919.9
2026-09-12T11:00:00+0900,77250.0,77314.3,77206.8,77286.4,0.0,48.0,77227.6,77389.7,77904.4
2026-09-12T12:00:00+0900,77262.5,77333.9,77221.9,77259.2,0.0,47.6,77255.1,77407.5,77884.3
2026-09-12T13:00:00+0900,77263.7,77309.8,77206.8,77206.8,0.0,46.7,77254.7,77421.2,77862.0
2026-09-12T14:00:00+0900,77207.4,77250.5,77152.5,77200.0,237608960.0,46.6,77240.5,77425.8,77841.6
2026-09-12T15:00:00+0900,77200.0,77347.7,77186.0,77279.0,0.0,48.3,77246.3,77427.9,77823.8
2026-09-12T16:00:00+0900,77279.1,77332.6,77242.6,77257.0,0.0,47.8,77240.4,77427.6,77798.4
2026-09-12T17:00:00+0900,77260.3,77356.5,77244.0,77340.7,0.0,49.7,77256.7,77433.3,77777.4
2026-09-12T18:00:00+0900,77340.7,77368.8,77301.0,77336.0,0.0,49.6,77282.6,77433.2,77753.2
2026-09-12T19:00:00+0900,77336.0,77380.5,77290.0,77311.7,0.0,49.0,77304.9,77444.8,77727.3
2026-09-12T20:00:00+0900,77311.7,77342.0,77268.0,77339.8,0.0,49.7,77317.1,77459.7,77695.9
2026-09-12T21:00:00+0900,77338.3,77346.1,77261.9,77318.1,0.0,49.1,77329.3,77471.9,77674.2
2026-09-12T22:00:00+0900,77319.5,77376.6,77231.6,77351.6,0.0,50.1,77331.4,77446.3,77653.6
2026-09-12T23:00:00+0900,77351.6,77483.3,77349.0,77444.0,0.0,52.9,77353.0,77375.8,77628.9
2026-09-13T00:00:00+0900,77446.6,77461.8,77350.2,77364.0,0.0,50.3,77363.5,77318.8,77599.3
2026-09-13T01:00:00+0900,77364.0,77403.7,77318.6,77338.0,0.0,49.5,77363.1,77304.1,77575.6
2026-09-13T02:00:00+0900,77353.9,77379.9,77157.1,77191.4,0.0,44.9,77337.8,77275.6,77552.3
2026-09-13T03:00:00+0900,77191.4,77202.6,77106.1,77126.3,0.0,43.0,77292.7,77260.5,77532.9
2026-09-13T04:00:00+0900,77128.7,77175.0,77049.6,77105.4,153467904.0,42.3,77225.0,77264.0,77510.6
2026-09-13T05:00:00+0900,77110.9,77206.6,77110.9,77152.7,0.0,44.3,77182.8,77258.8,77489.2
2026-09-13T06:00:00+0900,77152.7,77261.9,77136.7,77240.8,280676352.0,47.9,77163.3,77256.2,77473.8
2026-09-13T07:00:00+0900,77240.8,77285.8,77165.5,77219.9,0.0,47.1,77169.0,77260.8,77460.5
2026-09-13T08:00:00+0900,77219.8,77284.3,77214.2,77266.4,3088384.0,49.1,77197.0,77266.6,77446.6
2026-09-13T09:00:00+0900,77262.8,77291.2,77135.6,77253.0,0.0,48.5,77226.5,77268.4,77435.0
2026-09-13T10:00:00+0900,77253.0,77314.3,77222.1,77299.5,170074112.0,50.6,77255.9,77269.5,77427.0
2026-09-13T11:00:00+0900,77299.3,77299.3,77215.7,77268.0,0.0,49.1,77261.4,77270.2,77413.3
2026-09-13T12:00:00+0900,77268.0,77297.5,77163.1,77176.1,3024896.0,45.1,77252.6,77265.8,77400.3
2026-09-13T13:00:00+0900,77177.6,77237.3,77173.7,77187.4,0.0,45.7,77236.8,77262.9,77388.6
2026-09-13T14:00:00+0900,77188.4,77299.4,77188.4,77291.4,0.0,51.0,77244.5,77266.3,77374.8
2026-09-13T15:00:00+0900,77291.4,77298.8,77031.8,77099.7,0.0,42.7,77204.5,77262.3,77358.8
2026-09-13T16:00:00+0900,77077.1,77154.7,77066.5,77100.2,284682240.0,42.7,77171.0,77255.2,77341.9
2026-09-13T17:00:00+0900,77093.3,77150.9,76730.6,76781.0,160171008.0,32.5,77092.0,77236.1,77319.0
2026-09-13T18:00:00+0900,76777.7,76863.7,76532.5,76766.1,515876864.0,32.1,77007.7,77213.1,77297.3
2026-09-13T19:00:00+0900,76758.4,76781.9,76600.0,76623.9,126042112.0,28.7,76874.2,77184.7,77277.9
2026-09-13T20:00:00+0900,76640.0,76773.5,76497.5,76749.3,207486976.0,35.3,76804.1,77162.2,77260.1
2026-09-13T21:00:00+0900,76760.5,76828.2,76669.4,76730.2,214085632.0,34.8,76730.1,77137.8,77244.0
2026-09-13T22:00:00+0900,76727.0,76891.5,76521.4,76818.1,0.0,39.3,76737.5,77117.8,77230.5
2026-09-13T23:00:00+0900,76821.0,77224.3,76815.1,77177.8,353025024.0,53.6,76819.9,77110.8,77221.9
2026-09-14T00:00:00+0900,77182.1,77182.1,76991.4,77105.3,54383616.0,51.0,76916.1,77097.3,77225.1
2026-09-14T01:00:00+0900,77110.2,77332.2,77106.2,77257.4,115096576.0,55.8,77017.7,77093.0,77226.6
2026-09-14T02:00:00+0900,77258.8,77393.7,77215.0,77298.6,71178240.0,57.0,77131.4,77091.4,77225.4
2026-09-14T03:00:00+0900,77290.7,77360.0,77273.2,77312.3,0.0,57.5,77230.3,77096.3,77226.6
2026-09-14T04:00:00+0900,77312.3,77386.3,77193.1,77253.7,0.0,55.0,77245.5,77101.4,77227.9
2026-09-14T05:00:00+0900,77260.7,77340.1,77227.4,77313.5,0.0,57.0,77287.1,77109.7,77228.1
2026-09-14T06:00:00+0900,77323.3,77419.0,77276.6,77280.5,0.0,55.5,77291.7,77114.8,77228.9
2026-09-14T07:00:00+0900,77259.1,77259.1,76623.3,76680.2,818782208.0,36.5,77168.1,77092.4,77223.1
2026-09-14T08:00:00+0900,76665.1,76837.2,76592.6,76799.9,539043840.0,40.9,77065.6,77075.6,77217.2
2026-09-14T09:00:00+0900,76815.1,77004.8,76355.3,76767.4,706053120.0,40.1,76968.3,77055.6,77212.6
2026-09-14T10:00:00+0900,76767.4,77126.7,76606.8,77076.8,292373504.0,50.1,76921.0,77048.6,77216.2
2026-09-14T11:00:00+0900,77069.2,77672.5,76984.0,77568.9,1296845824.0,61.2,76978.6,77059.3,77230.1
2026-09-14T12:00:00+0900,77581.5,77828.8,77462.8,77566.6,1051499520.0,61.2,77155.9,77071.3,77239.2
2026-09-14T13:00:00+0900,77566.5,77668.0,77494.1,77646.5,416168960.0,62.7,77325.2,77090.1,77248.5
2026-09-14T14:00:00+0900,77649.0,77650.0,77455.0,77576.6,367206400.0,60.4,77487.1,77105.7,77258.7
2026-09-14T15:00:00+0900,77584.0,77862.4,77338.0,77557.5,208156672.0,59.8,77583.2,77116.3,77268.0
2026-09-14T16:00:00+0900,77556.9,77855.5,77479.4,77855.5,220567552.0,65.9,77640.6,77146.5,77278.2
2026-09-14T17:00:00+0900,77859.1,77936.9,77627.4,77705.0,244408320.0,60.9,77668.2,77170.7,77284.6
2026-09-14T18:00:00+0900,77705.0,78341.5,77567.2,78108.6,47654912.0,67.9,77760.7,77223.8,77295.9
2026-09-14T19:00:00+0900,78130.1,78136.5,77859.6,77867.4,582832128.0,60.9,77818.8,77267.9,77304.8
2026-09-14T20:00:00+0900,77867.5,77890.1,77654.7,77738.8,237494272.0,57.4,77855.1,77312.5,77310.1
2026-09-14T21:00:00+0900,77741.2,78035.9,77568.1,77659.2,366112768.0,55.4,77815.8,77348.9,77318.6
2026-09-14T22:00:00+0900,77659.2,78441.5,77434.4,78139.7,1501734912.0,63.9,77902.7,77405.3,77334.3
2026-09-14T23:00:00+0900,78146.0,78664.8,78146.0,78497.2,1305475072.0,68.6,77980.5,77472.4,77354.0
2026-09-15T00:00:00+0900,78461.5,78662.2,78271.6,78553.0,1477193728.0,69.3,78117.6,77527.4,77361.5
2026-09-15T01:00:00+0900,78553.8,78883.7,78402.2,78752.8,811405312.0,71.7,78320.4,77593.3,77355.5
2026-09-15T02:00:00+0900,78752.8,79026.7,78701.9,78941.8,1079191552.0,73.8,78576.9,77660.7,77357.5
2026-09-15T03:00:00+0900,78941.8,79323.3,78838.6,79219.8,1437233152.0,76.5,78792.9,77737.6,77377.7
2026-09-15T04:00:00+0900,79213.2,79241.3,78956.6,78978.7,880103424.0,69.7,78889.2,77804.2,77392.0
2026-09-15T05:00:00+0900,78985.0,79568.0,78968.9,79089.6,1319630848.0,71.0,78996.6,77877.7,77413.2
2026-09-15T06:00:00+0900,79106.5,79106.5,78730.4,78744.1,805912576.0,62.2,78994.8,77934.9,77436.2
2026-09-15T07:00:00+0900,78761.1,78841.7,78496.4,78540.3,0.0,57.7,78914.5,77985.3,77453.0
2026-09-15T08:00:00+0900,78541.3,78560.8,78113.0,78192.5,0.0,50.9,78709.0,78045.8,77464.8
2026-09-15T09:00:00+0900,78167.8,78242.8,77924.7,77938.1,0.0,46.6,78500.9,78091.3,77475.9
2026-09-15T10:00:00+0900,77938.1,78059.9,77721.5,77899.0,136802304.0,45.9,78262.8,78136.6,77486.3
2026-09-15T11:00:00+0900,77890.5,78001.0,77768.8,77890.6,0.0,45.8,78092.1,78169.1,77495.4
2026-09-15T12:00:00+0900,77886.8,77886.8,77631.3,77636.4,0.0,41.5,77911.3,78171.8,77500.2
2026-09-15T13:00:00+0900,77659.6,77724.4,77517.7,77547.8,421376000.0,40.1,77782.4,78171.1,77504.2
2026-09-15T14:00:00+0900,77547.8,77649.1,77287.1,77610.0,136990720.0,41.6,77716.7,78169.6,77508.5
2026-09-15T15:00:00+0900,77620.8,77711.6,77165.1,77248.0,0.0,35.9,77586.6,78156.5,77508.4
2026-09-15T16:00:00+0900,77261.9,77294.1,76842.4,76883.9,399644672.0,31.3,77385.2,78129.5,77504.1
2026-09-15T17:00:00+0900,76893.9,76968.7,76650.9,76955.1,668942336.0,33.1,77248.9,78093.5,77500.8
2026-09-15T18:00:00+0900,76955.1,77026.0,76816.3,76946.3,0.0,33.0,77128.6,78063.1,77496.4
2026-09-15T19:00:00+0900,76951.5,77134.2,76832.2,77014.6,165881856.0,34.9,77009.6,78019.4,77493.1
2026-09-15T20:00:00+0900,77020.0,77179.0,76802.3,76895.2,182851584.0,33.1,76939.0,77980.5,77487.2
2026-09-15T21:00:00+0900,76900.7,77100.0,76818.3,76924.9,0.0,34.0,76947.2,77947.9,77481.7
2026-09-15T22:00:00+0900,76916.3,77094.0,76094.7,76571.4,709855232.0,29.0,76870.5,77904.4,77471.8
2026-09-15T23:00:00+0900,76580.5,76642.9,75546.3,75853.2,1727789056.0,22.0,76651.8,77813.0,77452.0
2026-09-16T00:00:00+0900,75835.9,76556.6,75774.0,76468.0,829429760.0,36.2,76542.5,77731.8,77440.7
2026-09-16T01:00:00+0900,76493.6,76530.0,76219.4,76330.5,0.0,34.7,76429.6,77642.9,77427.1
2026-09-16T02:00:00+0900,76330.0,77269.9,76133.3,76917.3,0.0,45.3,76428.1,77569.5,77420.0
2026-09-16T03:00:00+0900,76896.0,77124.8,74931.0,75923.9,5061922816.0,35.0,76298.6,77448.8,77400.8
2026-09-16T04:00:00+0900,75902.5,76250.0,75765.6,76129.5,1756332032.0,38.1,76353.8,77325.1,77384.7
2026-09-16T05:00:00+0900,76119.5,76179.1,75566.0,75871.4,0.0,35.8,76234.5,77200.9,77367.1
2026-09-16T06:00:00+0900,75873.9,75901.0,75347.7,75414.7,0.0,32.0,76051.4,77053.9,77344.3
2026-09-16T07:00:00+0900,75404.2,75690.2,75110.0,75611.0,496640000.0,35.2,75790.1,76928.5,77324.4
2026-09-16T08:00:00+0900,75613.3,75890.5,75509.7,75584.2,102002688.0,34.9,75722.2,76810.3,77303.5
2026-09-16T09:00:00+0900,75594.5,75860.8,75523.4,75712.2,0.0,37.1,75638.7,76711.1,77283.1
2026-09-16T10:00:00+0900,75715.4,75901.0,75403.0,75434.6,0.0,34.4,75551.3,76610.9,77259.3
2026-09-16T11:00:00+0900,75431.5,76030.2,75420.9,75824.9,279326720.0,40.9,75633.4,76528.0,77240.1
2026-09-16T12:00:00+0900,75831.2,76016.4,75694.5,75755.4,17862656.0,40.2,75662.2,76442.6,77220.1
2026-09-16T13:00:00+0900,75769.7,75962.1,75745.6,75796.4,0.0,40.9,75704.7,76369.0,77200.0
2026-09-16T14:00:00+0900,75796.3,75940.2,75610.3,75905.9,0.0,42.8,75743.4,76303.3,77181.9
2026-09-16T15:00:00+0900,75929.2,75972.8,75753.2,75969.0,7962624.0,43.9,75850.3,76237.7,77165.8
2026-09-16T16:00:00+0900,75967.5,76025.2,75665.7,75695.0,67428352.0,40.2,75824.3,76175.5,77145.9
2026-09-16T17:00:00+0900,75675.4,75689.0,75284.4,75670.4,0.0,39.9,75807.3,76127.0,77124.3
2026-09-16T18:00:00+0900,75670.4,75924.0,75664.5,75924.0,252047360.0,44.9,75832.9,76085.8,77108.6
2026-09-16T19:00:00+0900,75924.0,75980.5,75829.3,75885.5,0.0,44.3,75828.8,76043.3,77092.4
2026-09-16T20:00:00+0900,75953.9,76233.2,75805.0,76182.1,0.0,49.8,75871.4,76010.0,77084.4
2026-09-16T21:00:00+0900,76172.1,76232.4,75725.8,75901.2,119656448.0,45.2,75912.7,75970.3,77072.9
2026-09-16T22:00:00+0900,75890.4,75895.1,75511.4,75582.1,0.0,40.6,75895.0,75916.6,77059.0
2026-09-16T23:00:00+0900,75584.3,75762.0,75351.6,75619.0,0.0,41.4,75834.0,75878.5,77043.9
2026-09-17T00:00:00+0900,75636.1,75888.8,75470.0,75729.3,0.0,43.6,75802.7,75873.5,77030.6
2026-09-17T01:00:00+0900,75739.1,75830.0,75579.4,75701.6,0.0,43.2,75706.6,75842.8,77015.7
2026-09-17T02:00:00+0900,75701.5,75847.1,75278.6,75778.4,0.0,44.9,75682.1,75820.8,76997.0
2026-09-17T03:00:00+0900,75691.4,76463.4,75006.4,75552.6,0.0,41.0,75676.2,75766.2,76976.3
2026-09-17T04:00:00+0900,75596.5,76108.3,75172.1,76010.2,22990848.0,50.4,75754.4,75769.6,76959.7
2026-09-17T05:00:00+0900,76000.0,76330.2,75941.7,76101.5,0.0,52.0,75828.9,75768.5,76943.7
2026-09-17T06:00:00+0900,76104.5,76148.8,75863.8,75907.5,0.0,48.4,75870.0,75769.9,76925.0
2026-09-17T07:00:00+0900,75923.7,75924.8,75579.1,75620.1,0.0,43.5,75838.4,75778.2,76903.2
2026-09-17T08:00:00+0900,75617.3,76214.8,75578.7,76144.0,218112000.0,52.8,75956.6,75799.5,76887.6
2026-09-17T09:00:00+0900,76145.0,76445.7,76115.1,76273.3,275181568.0,54.8,76009.3,75827.0,76874.2
2026-09-17T10:00:00+0900,76278.7,76704.3,76148.8,76296.8,194291712.0,55.2,76048.3,75850.4,76869.1
2026-09-17T11:00:00+0900,76298.0,76418.2,75991.8,76303.7,125186048.0,55.3,76127.6,75885.2,76862.5
2026-09-17T12:00:00+0900,76303.7,76461.8,76301.0,76364.6,0.0,56.4,76276.5,75906.8,76857.1
2026-09-17T13:00:00+0900,76364.6,76512.2,76101.2,76460.8,81168384.0,58.1,76339.9,75935.0,76848.9
2026-09-17T14:00:00+0900,76454.0,76560.5,76234.9,76251.0,0.0,53.2,76335.4,75953.2,76831.3
2026-09-17T15:00:00+0900,76232.1,76521.1,76222.3,76402.9,0.0,56.1,76356.6,75973.1,76815.8
2026-09-17T16:00:00+0900,76392.6,76603.1,76342.4,76377.6,0.0,55.5,76371.4,75989.4,76798.9
2026-09-17T17:00:00+0900,76388.1,76514.9,76311.4,76497.6,0.0,57.8,76398.0,76021.5,76784.5
2026-09-17T18:00:00+0900,76499.9,76695.0,76394.3,76395.9,53612544.0,55.2,76385.0,76050.5,76769.0
2026-09-17T19:00:00+0900,76394.3,76401.0,76184.4,76330.0,142053376.0,53.4,76400.8,76066.8,76748.7
2026-09-17T20:00:00+0900,76328.5,76401.0,76094.0,76401.0,0.0,55.1,76400.4,76087.4,76731.3
2026-09-17T21:00:00+0900,76398.6,77076.9,76329.6,76659.8,783550464.0,60.5,76456.9,76106.5,76712.0
2026-09-17T22:00:00+0900,76646.7,76816.1,75937.1,76612.3,316059648.0,59.1,76479.8,76134.9,76695.2
2026-09-17T23:00:00+0900,76633.6,76966.8,76314.7,76423.6,388628480.0,53.7,76485.3,76168.6,76677.7
2026-09-18T00:00:00+0900,76428.7,76791.1,76193.8,76676.4,0.0,59.1,76554.6,76210.9,76664.6
2026-09-18T01:00:00+0900,76704.3,76740.3,76468.0,76688.0,158914560.0,59.3,76612.0,76249.2,76645.2
2026-09-18T02:00:00+0900,76700.0,76900.7,76506.3,76606.8,56334336.0,56.9,76601.4,76285.5,76620.0
2026-09-18T03:00:00+0900,76607.8,76727.9,76401.0,76506.4,0.0,53.9,76580.3,76314.6,76592.7
2026-09-18T04:00:00+0900,76506.4,76623.1,76430.9,76543.3,0.0,54.8,76604.2,76354.2,76563.3
2026-09-18T05:00:00+0900,76524.5,76672.5,76425.0,76498.5,0.0,53.4,76568.6,76373.7,76530.7
2026-09-18T06:00:00+0900,76498.5,76562.2,76343.2,76352.5,0.0,49.0,76501.5,76383.8,76492.5
2026-09-18T07:00:00+0900,76343.2,76400.3,76186.9,76359.9,0.0,49.3,76452.1,76401.9,76457.6
2026-09-18T08:00:00+0900,76359.9,76444.5,76321.0,76348.7,0.0,48.9,76420.6,76431.0,76421.0
2026-09-18T09:00:00+0900,76342.5,76529.6,76217.1,76526.1,0.0,54.5,76417.2,76446.3,76391.4
2026-09-18T10:00:00+0900,76529.6,76696.7,76445.2,76659.4,0.0,58.2,76449.3,76461.8,76366.4
2026-09-18T11:00:00+0900,76664.6,76966.9,76568.5,76910.8,96413696.0,64.2,76561.0,76486.3,76349.3
2026-09-18T12:00:00+0900,76909.3,77516.7,76900.0,77297.7,1096960000.0,71.0,76748.5,76526.1,76340.7
2026-09-18T13:00:00+0900,77312.1,77496.3,77143.1,77496.3,582952960.0,73.8,76978.1,76571.3,76335.4
2026-09-18T14:00:00+0900,77508.5,77639.3,77371.0,77426.8,687865856.0,71.2,77158.2,76610.0,76329.2
2026-09-18T15:00:00+0900,77434.0,77606.4,77332.1,77527.4,402487296.0,72.7,77331.8,76661.0,76327.7
2026-09-18T16:00:00+0900,77517.7,77774.1,77500.7,77734.8,1089269760.0,75.5,77496.6,76714.3,76330.2
2026-09-18T17:00:00+0900,77729.1,78200.0,77587.0,78200.0,863432704.0,80.3,77677.0,76787.2,76338.1
2026-09-18T18:00:00+0900,78191.6,78403.8,77945.4,78148.1,1184942080.0,78.5,77807.4,76853.2,76350.1
2026-09-18T19:00:00+0900,78138.5,78296.4,78045.6,78221.5,247214080.0,79.2,77966.4,76926.2,76367.9
2026-09-18T20:00:00+0900,78212.4,78351.8,77956.5,77995.2,389427200.0,71.1,78059.9,76992.9,76381.8
2026-09-18T21:00:00+0900,78011.4,78124.1,77917.2,77979.6,0.0,70.6,78108.9,77056.0,76395.6
2026-09-18T22:00:00+0900,77977.6,80416.2,77918.5,80027.0,1623744512.0,85.7,78474.3,77190.7,76435.7
2026-09-18T23:00:00+0900,80114.6,80947.5,80086.4,80904.1,4226422784.0,88.5,79025.5,77362.4,76489.2
2026-09-19T00:00:00+0900,80905.0,81090.6,80504.1,80698.2,2262083584.0,84.4,79520.8,77533.3,76539.5
2026-09-19T01:00:00+0900,80737.6,81236.7,80647.9,80829.0,1480527872.0,84.9,80087.6,77699.4,76596.3
2026-09-19T02:00:00+0900,80833.6,80996.9,80554.0,80992.6,0.0,85.5,80690.2,77871.6,76664.8
2026-09-19T03:00:00+0900,80982.2,81125.7,80787.3,80916.4,751058944.0,83.8,80868.1,78044.0,76724.1
2026-09-19T04:00:00+0900,80928.7,81385.5,80885.0,81180.0,1144340480.0,84.9,80923.2,78231.0,76788.8
2026-09-19T05:00:00+0900,81199.6,81226.8,80928.0,81096.2,811798528.0,83.0,81002.8,78413.1,76844.5
2026-09-19T06:00:00+0900,81109.6,81282.0,81081.0,81223.8,576659456.0,83.6,81081.8,78602.1,76915.1
2026-09-19T07:00:00+0900,81223.8,81364.5,81063.5,81124.5,189632512.0,81.1,81108.2,78793.0,76981.7
2026-09-19T08:00:00+0900,81133.9,81192.9,80844.1,80875.1,332619776.0,75.2,81099.9,78973.6,77048.5
2026-09-19T09:00:00+0900,80891.4,81654.6,80827.4,81654.6,420028416.0,80.1,81194.8,79185.8,77131.7
2026-09-19T10:00:00+0900,81637.5,81707.7,81035.7,81262.5,457318400.0,72.4,81228.1,79375.3,77207.0
2026-09-19T11:00:00+0900,81267.8,81425.8,81229.2,81261.0,0.0,72.3,81235.6,79559.3,77282.7
2026-09-19T12:00:00+0900,81276.1,81367.9,81095.1,81105.0,0.0,69.2,81231.7,79727.1,77354.6
2026-09-19T13:00:00+0900,81105.0,81205.2,80893.6,81001.7,0.0,67.2,81257.0,79875.3,77428.8
2026-09-19T14:00:00+0900,80997.8,81126.0,80985.5,81022.5,0.0,67.4,81130.5,80016.3,77498.1
2026-09-19T15:00:00+0900,81033.5,81077.0,80900.0,81013.6,0.0,67.2,81080.8,80159.8,77568.3
2026-09-19T16:00:00+0900,81023.7,81217.5,80998.4,81061.1,0.0,67.7,81040.8,80301.1,77638.4
2026-09-19T17:00:00+0900,81083.4,81375.0,81039.0,81297.6,0.0,70.4,81079.3,80443.6,77710.3
2026-09-19T18:00:00+0900,81298.2,81493.2,81226.0,81298.8,0.0,70.4,81138.7,80567.6,77781.4
2026-09-19T19:00:00+0900,81291.0,81309.0,81176.1,81189.6,0.0,67.4,81172.2,80689.3,77854.7
2026-09-19T20:00:00+0900,81195.2,81340.3,81175.1,81280.0,0.0,68.6,81225.4,80811.6,77929.5
2026-09-19T21:00:00+0900,81280.0,81342.1,81193.2,81310.0,0.0,69.0,81275.2,80944.2,78001.3
2026-09-19T22:00:00+0900,81291.0,81335.9,81149.6,81325.0,0.0,69.2,81280.7,81078.0,78073.8
2026-09-19T23:00:00+0900,81324.9,81606.0,81306.3,81554.9,0.0,72.3,81331.9,81139.1,78145.4
2026-09-20T00:00:00+0900,81554.9,81910.8,81540.0,81610.8,0.0,73.0,81416.1,81167.4,78221.6
2026-09-20T01:00:00+0900,81639.4,81883.5,81446.8,81813.4,0.0,75.5,81522.8,81212.0,78304.6
2026-09-20T02:00:00+0900,81806.0,81829.5,81418.0,81437.1,0.0,63.9,81548.2,81236.3,78382.2
2026-09-20T03:00:00+0900,81435.4,81522.0,81311.2,81412.2,0.0,63.2,81565.7,81253.1,78458.0
2026-09-20T04:00:00+0900,81427.3,81444.6,81293.8,81344.0,0.0,61.2,81523.5,81270.2,78533.2
2026-09-20T05:00:00+0900,81339.0,81414.0,81061.3,81130.0,0.0,55.4,81427.3,81268.2,78604.6
2026-09-20T06:00:00+0900,81130.0,81200.0,80872.5,81063.7,75083776.0,53.7,81277.4,81266.9,78678.1
2026-09-20T07:00:00+0900,81063.7,81240.3,80926.0,81232.5,0.0,57.3,81236.5,81267.3,78747.7
2026-09-20T08:00:00+0900,81232.5,81340.8,81187.4,81233.5,6336512.0,57.3,81200.7,81271.6,78816.1
2026-09-20T09:00:00+0900,81233.9,81302.4,81176.2,81277.5,0.0,58.3,81187.4,81287.7,78887.7
2026-09-20T10:00:00+0900,81262.0,81278.3,81000.0,81071.7,0.0,52.3,81175.8,81264.4,78960.4
2026-09-20T11:00:00+0900,81066.9,81131.5,80230.0,80312.5,0.0,37.0,81025.5,81226.4,79016.0
2026-09-20T12:00:00+0900,80295.9,80498.6,80085.0,80458.4,2310117376.0,40.6,80870.7,81194.3,79071.8
2026-09-20T13:00:00+0900,80473.0,80494.6,80283.0,80395.9,147468288.0,39.6,80703.2,81165.9,79126.4
2026-09-20T14:00:00+0900,80404.8,80596.1,80377.5,80456.0,813043712.0,41.1,80538.9,81144.1,79181.8
2026-09-20T15:00:00+0900,80456.0,80573.6,80185.8,80272.5,292204544.0,37.9,80379.1,81114.1,79233.9
2026-09-20T16:00:00+0900,80272.5,80392.6,80254.8,80284.6,0.0,38.3,80373.5,81084.9,79284.9
2026-09-20T17:00:00+0900,80284.6,80428.8,80139.6,80228.2,0.0,37.2,80327.4,81051.6,79337.9
2026-09-20T18:00:00+0900,80221.0,80541.6,80220.0,80430.0,0.0,43.1,80334.3,81016.9,79391.6
2026-09-20T19:00:00+0900,80431.6,80483.3,80283.0,80283.0,0.0,40.2,80299.7,80976.3,79443.7
2026-09-20T20:00:00+0900,80270.1,80498.2,80242.5,80443.0,213172224.0,44.6,80333.8,80946.4,79496.3
2026-09-20T21:00:00+0900,80430.0,80494.1,80285.8,80451.1,0.0,44.9,80367.1,80913.3,79550.4
2026-09-20T22:00:00+0900,80451.1,80608.5,80392.4,80522.0,0.0,46.9,80425.8,80881.7,79606.3
2026-09-20T23:00:00+0900,80522.0,80737.4,80379.1,80639.5,0.0,50.2,80467.7,80854.3,79662.8
2026-09-21T00:00:00+0900,80639.6,80931.0,80635.1,80874.2,0.0,56.0,80586.0,80827.1,79719.0
2026-09-21T01:00:00+0900,80895.8,81472.0,80787.0,81312.0,608393216.0,64.4,80759.8,80815.1,79781.6
2026-09-21T02:00:00+0900,81320.4,81438.0,81048.0,81129.3,340260864.0,59.3,80895.4,80787.8,79844.4
2026-09-21T03:00:00+0900,81124.1,81299.5,81000.0,81021.2,114518016.0,56.5,80995.3,80771.1,79902.3
2026-09-21T04:00:00+0900,81030.0,81279.5,81030.0,81162.4,0.0,59.2,81099.8,80761.2,79962.0
2026-09-21T05:00:00+0900,81170.0,81208.7,81052.6,81073.5,0.0,56.8,81139.7,80750.3,80021.5
2026-09-21T06:00:00+0900,81073.5,81075.1,80605.4,80916.0,0.0,52.7,81060.5,80741.8,80080.3
2026-09-21T07:00:00+0900,80934.0,81275.6,80793.0,81196.5,244054016.0,58.4,81073.9,80747.1,80142.4
2026-09-21T08:00:00+0900,81187.8,81312.0,81100.5,81159.5,67028992.0,57.4,81101.6,80744.2,80204.5
2026-09-21T09:00:00+0900,81149.3,81824.7,81149.3,81604.8,900554752.0,65.1,81190.1,80759.0,80274.5
2026-09-21T10:00:00+0900,81588.1,82070.3,80837.8,80981.8,1371748352.0,51.2,81171.7,80747.2,80336.2
2026-09-21T11:00:00+0900,80977.0,81493.6,80962.3,81299.9,0.0,56.3,81248.5,80756.3,80402.2
2026-09-21T12:00:00+0900,81318.4,81555.0,81218.6,81411.5,0.0,58.0,81291.5,80800.3,80467.3
2026-09-21T13:00:00+0900,81411.5,81488.6,81210.0,81374.3,0.0,57.2,81334.4,80836.9,80530.2
2026-09-21T14:00:00+0900,81365.6,81772.7,81285.4,81538.7,0.0,59.8,81321.2,80882.6,80591.9
2026-09-21T15:00:00+0900,81542.0,81845.9,81386.4,81621.5,166074368.0,61.1,81449.2,80929.2,80649.5
2026-09-21T16:00:00+0900,81609.4,81711.0,81450.5,81704.9,463757312.0,62.4,81530.2,80986.5,80705.6
2026-09-21T17:00:00+0900,81715.4,84094.2,81715.4,83749.1,5294184448.0,80.0,81997.7,81125.1,80789.9
2026-09-21T18:00:00+0900,83763.0,85134.1,83667.5,84640.5,5892583424.0,83.6,82650.9,81301.6,80884.8
2026-09-21T19:00:00+0900,84639.0,84781.4,84113.6,84412.8,3133603840.0,79.7,83225.8,81460.9,80973.8
2026-09-21T20:00:00+0900,84396.1,84896.0,84388.5,84863.4,1124106240.0,81.5,83874.1,81644.1,81062.7
2026-09-21T21:00:00+0900,84873.8,85396.5,84800.0,85319.1,2696433664.0,83.2,84597.0,81839.2,81158.3
2026-09-21T22:00:00+0900,85291.9,85811.4,84772.7,85413.6,2517114880.0,83.5,84929.9,82037.7,81254.2
2026-09-21T23:00:00+0900,85432.5,86113.7,85025.7,85835.5,4825866240.0,85.0,85168.9,82250.2,81358.7
2026-09-22T00:00:00+0900,85827.0,86349.0,85803.7,85932.6,2980499456.0,85.3,85472.8,82461.9,81464.8
2026-09-22T01:00:00+0900,85926.7,86136.4,85619.1,85967.9,0.0,85.4,85693.7,82665.7,81544.0
2026-09-22T02:00:00+0900,85967.9,86126.5,85683.5,85911.0,733741056.0,84.2,85812.1,82849.7,81610.7
2026-09-22T03:00:00+0900,85909.6,86076.7,85814.1,86071.8,705196032.0,84.8,85943.8,83047.4,81682.4
2026-09-22T04:00:00+0900,86076.7,86895.0,85977.9,86505.0,2201419776.0,86.5,86077.6,83266.7,81758.1
2026-09-22T05:00:00+0900,86532.1,87394.0,86532.1,86989.9,1811152896.0,88.0,86289.1,83499.8,81838.0
2026-09-22T06:00:00+0900,86980.0,86980.0,86528.3,86557.3,608829440.0,79.3,86407.0,83719.2,81913.2
2026-09-22T07:00:00+0900,86557.3,86725.3,86272.7,86423.1,631398400.0,76.8,86509.4,83939.4,81983.1
2026-09-22T08:00:00+0900,86410.5,86680.6,86337.1,86594.9,338550784.0,77.8,86614.0,84155.4,82056.5
2026-09-22T09:00:00+0900,86586.3,86609.8,85843.5,85895.9,149471232.0,65.7,86492.2,84344.8,82118.8
2026-09-22T10:00:00+0900,85903.5,85950.1,85414.5,85598.7,256626688.0,61.3,86214.0,84504.6,82178.4
2026-09-22T11:00:00+0900,85605.2,85855.4,85380.4,85700.0,277278720.0,62.3,86042.5,84693.3,82242.7
2026-09-22T12:00:00+0900,85700.0,85734.6,85288.1,85667.8,559112192.0,61.7,85891.5,84868.0,82296.2
2026-09-22T13:00:00+0900,85678.7,85719.0,85402.5,85430.0,452214784.0,58.0,85658.5,85028.8,82351.8
2026-09-22T14:00:00+0900,85454.5,85588.0,85085.3,85392.8,312401920.0,57.4,85557.9,85189.5,82406.9
2026-09-22T15:00:00+0900,85412.0,85559.0,85230.0,85359.2,485023744.0,56.9,85510.0,85342.3,82463.6
2026-09-22T16:00:00+0900,85350.0,85485.2,85150.0,85333.5,351875072.0,56.4,85436.7,85490.8,82521.4
2026-09-22T17:00:00+0900,85365.0,86331.5,85318.0,86198.8,0.0,66.2,85542.9,85670.6,82590.4
2026-09-22T18:00:00+0900,86172.9,86259.0,85671.6,86238.8,0.0,66.5,85704.6,85770.2,82660.1
2026-09-22T19:00:00+0900,86208.4,86245.8,85743.5,85875.0,0.0,60.1,85801.1,85819.5,82724.3
2026-09-22T20:00:00+0900,85867.9,86123.7,85763.5,85969.1,0.0,61.1,85923.0,85881.8,82786.5
2026-09-22T21:00:00+0900,85969.1,86155.5,85768.1,86008.4,0.0,61.6,86058.0,85927.6,82849.3
2026-09-22T22:00:00+0900,86019.2,86358.3,85598.4,86328.8,0.0,65.2,86084.0,85968.0,82917.9
2026-09-22T23:00:00+0900,86338.2,86427.8,85452.9,86255.3,0.0,63.7,86087.3,86001.6,82984.2
2026-09-23T00:00:00+0900,86268.1,86734.0,86113.6,86418.5,0.0,65.5,86196.0,86025.0,83052.3
2026-09-23T01:00:00+0900,86416.5,86589.1,86062.7,86451.6,0.0,65.9,86292.5,86045.7,83120.7
2026-09-23T02:00:00+0900,86438.6,86672.9,86258.9,86587.6,464543744.0,67.5,86408.3,86070.5,83187.8
2026-09-23T03:00:00+0900,86608.2,86665.3,86251.2,86469.6,268107776.0,64.7,86436.5,86092.9,83252.6
2026-09-23T04:00:00+0900,86474.5,86606.3,86157.3,86236.9,0.0,59.4,86432.8,86099.5,83311.5
2026-09-23T05:00:00+0900,86219.1,86399.3,86143.8,86262.6,0.0,59.8,86401.7,86089.8,83375.9
2026-09-23T06:00:00+0900,86287.0,86360.6,86187.0,86187.0,0.0,58.1,86348.7,86057.7,83439.5
2026-09-23T07:00:00+0900,86194.4,86302.0,86016.2,86122.5,0.0,56.5,86255.7,86040.3,83503.2
2026-09-23T08:00:00+0900,86129.5,86506.8,86086.5,86198.0,0.0,57.9,86201.4,86031.3,83570.8
2026-09-23T09:00:00+0900,86189.2,86584.3,86130.0,86451.9,0.0,62.3,86244.4,86025.5,83642.7
2026-09-23T10:00:00+0900,86470.4,86815.5,86170.0,86366.5,0.0,60.0,86265.2,86044.4,83711.1
2026-09-23T11:00:00+0900,86379.7,86631.3,86253.0,86544.2,0.0,63.1,86336.6,86082.2,83781.9
2026-09-23T12:00:00+0900,86535.6,86934.3,86418.6,86696.4,0.0,65.5,86451.4,86122.0,83854.2
2026-09-23T13:00:00+0900,86711.3,87280.9,86623.8,87164.8,413446144.0,71.6,86644.8,86181.9,83935.4
2026-09-23T14:00:00+0900,87164.8,87164.8,86423.2,86485.6,0.0,56.1,86651.5,86224.1,84017.7
2026-09-23T15:00:00+0900,86487.5,86607.0,86357.0,86456.5,0.0,55.5,86669.5,86266.7,84097.7
2026-09-23T16:00:00+0900,86456.5,86462.0,86002.2,86128.2,0.0,49.5,86586.3,86297.4,84174.1
2026-09-23T17:00:00+0900,86149.1,86273.2,85688.3,85901.8,0.0,45.9,86427.4,86320.2,84246.7
2026-09-23T18:00:00+0900,85901.8,86016.9,85724.8,85848.9,670343168.0,45.0,86164.2,86306.2,84321.1
2026-09-23T19:00:00+0900,85870.6,85915.0,85638.4,85906.7,0.0,46.2,86048.4,86292.9,84396.1
2026-09-23T20:00:00+0900,85901.3,85957.3,85438.3,85632.0,86364160.0,41.7,85883.5,86283.2,84468.1
2026-09-23T21:00:00+0900,85634.3,85663.5,85249.4,85482.1,122163200.0,39.5,85754.3,86263.7,84535.5
2026-09-23T22:00:00+0900,85482.1,85865.9,85265.0,85780.1,0.0,45.7,85730.0,86254.6,84608.8
2026-09-23T23:00:00+0900,85783.0,85918.8,83828.8,84521.4,7334776832.0,31.1,85464.5,86182.3,84663.1
2026-09-24T00:00:00+0900,84521.4,84785.3,83958.2,84001.9,0.0,27.2,85083.5,86092.1,84710.5
2026-09-24T01:00:00+0900,83996.0,84349.1,83556.2,84027.1,3332505600.0,27.7,84762.5,85996.5,84757.2
2026-09-24T02:00:00+0900,84030.4,84381.7,83721.6,84312.8,552783872.0,33.0,84528.7,85910.9,84806.2
2026-09-24T03:00:00+0900,84324.9,84405.8,84119.2,84313.0,0.0,33.0,84235.2,85819.9,84852.1
2026-09-24T04:00:00+0900,84323.6,84572.0,84212.0,84509.8,0.0,36.7,84232.9,85741.6,84894.7
2026-09-24T05:00:00+0900,84535.2,84557.2,84206.8,84235.4,0.0,33.9,84279.6,85661.5,84936.1
2026-09-24T06:00:00+0900,84233.9,84500.0,84206.2,84400.0,217423872.0,37.0,84354.2,85587.0,84981.2
2026-09-24T07:00:00+0900,84404.0,84659.1,84327.4,84551.3,0.0,39.8,84401.9,85521.6,85026.3
2026-09-24T08:00:00+0900,84531.5,84565.3,84332.0,84378.3,0.0,37.7,84415.0,85451.8,85070.4
2026-09-24T09:00:00+0900,84378.3,84479.9,84215.1,84309.5,0.0,36.9,84374.9,85376.2,85115.6
2026-09-24T10:00:00+0900,84302.7,84463.2,84050.0,84095.1,0.0,34.4,84346.8,85282.0,85154.3
2026-09-24T11:00:00+0900,84103.6,84364.0,83727.4,84349.9,407031808.0,39.7,84336.8,85201.3,85196.8
2026-09-24T12:00:00+0900,84354.0,84475.0,83831.2,83928.2,0.0,34.7,84212.2,85096.7,85227.8
2026-09-24T13:00:00+0900,83928.2,84043.6,83766.5,84024.4,0.0,36.6,84141.4,84989.8,85268.4
2026-09-24T14:00:00+0900,84024.4,84379.6,83939.5,83962.3,0.0,35.9,84072.0,84861.7,85303.9
2026-09-24T15:00:00+0900,83964.0,84212.8,83905.4,84095.6,0.0,38.8,84072.1,84766.1,85339.7
2026-09-24T16:00:00+0900,84093.9,84589.7,83931.8,84503.5,0.0,46.7,84102.8,84688.0,85381.4
2026-09-24T17:00:00+0900,84518.5,84610.6,83310.5,83615.3,710762496.0,35.8,84040.2,84587.4,85409.1
2026-09-24T18:00:00+0900,83636.5,83707.3,82862.1,83242.0,1772298240.0,32.4,83883.7,84481.1,85430.7
2026-09-24T19:00:00+0900,83226.0,83530.3,83122.2,83499.4,479838208.0,36.9,83791.1,84387.1,85454.6
2026-09-24T20:00:00+0900,83490.1,83589.9,83371.3,83461.3,0.0,36.5,83664.3,84289.3,85450.8
2026-09-24T21:00:00+0900,83463.3,83649.3,83315.0,83578.9,0.0,38.6,83479.4,84207.1,85436.6
2026-09-24T22:00:00+0900,83581.6,84307.3,83578.9,84236.4,220434432.0,48.9,83603.6,84157.3,85434.3
2026-09-24T23:00:00+0900,84222.7,84894.1,83387.2,83641.1,0.0,42.0,83683.4,84071.8,85418.0
2026-09-25T00:00:00+0900,83590.7,84449.2,83485.6,84392.2,0.0,51.3,83862.0,84066.6,85405.6
2026-09-25T01:00:00+0900,84406.4,84890.6,84014.5,84466.5,0.0,52.1,84063.0,84085.2,85393.0
2026-09-25T02:00:00+0900,84418.8,84540.2,83992.1,84095.5,0.0,47.8,84166.4,84087.9,85369.8
2026-09-25T03:00:00+0900,84089.6,84523.0,83869.0,84453.3,0.0,52.0,84209.7,84093.5,85350.1
2026-09-25T04:00:00+0900,84475.2,84638.6,84266.2,84388.7,0.0,51.2,84359.2,84096.6,85329.0
2026-09-25T05:00:00+0900,84376.4,84471.9,84151.0,84360.0,0.0,50.8,84352.8,84090.6,85308.3
2026-09-25T06:00:00+0900,84360.0,84487.6,84274.6,84332.1,1000538112.0,50.4,84325.9,84094.4,85285.1
2026-09-25T07:00:00+0900,84320.1,84350.9,83956.0,84263.4,121946112.0,49.4,84359.5,84089.0,85255.2
2026-09-25T08:00:00+0900,84263.4,84456.0,84243.5,84385.5,0.0,51.2,84345.9,84082.3,85220.5
2026-09-25T09:00:00+0900,84388.5,84709.1,84388.5,84571.0,0.0,54.0,84382.4,84090.0,85194.0
2026-09-25T10:00:00+0900,84573.7,84787.8,84334.3,84595.7,0.0,54.3,84429.5,84101.5,85169.7
2026-09-25T11:00:00+0900,84601.1,84870.4,84153.0,84199.5,0.0,47.8,84403.0,84105.7,85137.7
2026-09-25T12:00:00+0900,84189.8,84369.0,84052.2,84216.0,283299840.0,48.1,84393.5,84100.3,85115.3
2026-09-25T13:00:00+0900,84219.5,84283.8,84046.0,84192.0,0.0,47.7,84354.8,84110.9,85096.6
2026-09-25T14:00:00+0900,84188.0,84333.9,84080.1,84181.8,42717184.0,47.5,84277.0,84117.2,85076.3
2026-09-25T15:00:00+0900,84178.3,84270.5,83925.0,84022.6,0.0,44.7,84162.4,84119.6,85054.4
2026-09-25T16:00:00+0900,84022.6,84093.6,83749.1,84023.5,12402688.0,44.7,84127.2,84116.7,85035.6
2026-09-25T17:00:00+0900,84031.8,84498.0,84011.3,84406.9,0.0,52.6,84165.3,84112.8,85022.5
2026-09-25T18:00:00+0900,84406.9,84820.1,84406.9,84563.7,0.0,55.4,84239.7,84150.8,85011.9
2026-09-25T19:00:00+0900,84556.2,84861.0,84377.0,84709.3,0.0,57.9,84345.2,84209.4,85003.6
2026-09-25T20:00:00+0900,84721.8,85250.0,84564.5,84566.7,1255137280.0,54.7,84454.0,84252.1,84981.8
2026-09-25T21:00:00+0900,84580.0,84691.3,83905.4,84453.5,1737940992.0,52.2,84540.0,84291.8,84958.0
2026-09-25T22:00:00+0900,84437.8,84556.2,83574.3,83891.4,669995008.0,42.0,84436.9,84304.3,84931.5
2026-09-25T23:00:00+0900,83904.0,84014.0,83162.9,84002.2,75816960.0,44.3,84324.6,84295.0,84905.3
2026-09-26T00:00:00+0900,83976.4,84078.7,83347.0,83781.7,157900800.0,40.8,84139.1,84300.6,84875.6
2026-09-26T01:00:00+0900,83793.6,84096.1,83700.0,83731.5,0.0,40.0,83972.1,84274.2,84841.0
2026-09-26T02:00:00+0900,83735.3,83970.5,83600.9,83761.8,0.0,40.8,83833.7,84246.0,84807.8
2026-09-26T03:00:00+0900,83771.0,84056.9,83766.1,83950.0,659816448.0,45.2,83845.4,84240.1,84774.8
2026-09-26T04:00:00+0900,83973.1,84057.6,83909.8,84005.8,0.0,46.5,83846.2,84222.2,84742.2
2026-09-26T05:00:00+0900,84006.5,84177.0,83831.1,83867.6,0.0,43.8,83863.4,84201.4,84706.0
2026-09-26T06:00:00+0900,83867.6,83915.8,83615.0,83787.1,0.0,42.2,83874.5,84178.5,84670.2
2026-09-26T07:00:00+0900,83790.6,84120.9,83759.9,84063.3,0.0,48.9,83934.8,84167.7,84641.2
2026-09-26T08:00:00+0900,84058.7,84096.2,84006.0,84093.1,100505600.0,49.6,83963.4,84160.9,84612.3
2026-09-26T09:00:00+0900,84096.0,84135.1,83777.8,83904.8,0.0,45.5,83943.2,84141.7,84581.9
2026-09-26T10:00:00+0900,83892.9,84078.3,83888.0,84072.8,0.0,49.5,83984.2,84121.8,84554.5
2026-09-26T11:00:00+0900,84072.8,84130.6,83975.9,83999.8,0.0,47.9,84026.8,84097.9,84525.2
2026-09-26T12:00:00+0900,83999.8,84047.0,83907.3,83931.2,0.0,46.3,84000.3,84087.2,84491.6
2026-09-26T13:00:00+0900,83931.2,84040.8,83843.6,83975.5,0.0,47.5,83976.8,84077.6,84459.7
2026-09-26T14:00:00+0900,83975.5,84000.0,83879.1,83918.4,0.0,46.1,83979.5,84066.6,84424.7
2026-09-26T15:00:00+0900,83918.4,83966.8,83867.5,83882.6,0.0,45.1,83941.5,84054.7,84387.2
2026-09-26T16:00:00+0900,83892.0,84124.9,83892.0,84103.9,0.0,51.6,83962.3,84057.9,84346.4
2026-09-26T17:00:00+0900,84105.8,84323.7,84009.8,84194.9,0.0,53.9,84015.1,84064.8,84315.8
2026-09-26T18:00:00+0900,84194.9,84207.0,83944.3,84004.8,0.0,48.6,84020.9,84048.7,84283.2
2026-09-26T19:00:00+0900,84013.3,84175.5,84013.3,84171.5,0.0,53.0,84071.6,84033.0,84257.1
2026-09-26T20:00:00+0900,84171.5,84194.9,84109.7,84161.0,0.0,52.7,84127.2,84011.1,84233.9
2026-09-26T21:00:00+0900,84158.8,84190.5,84030.7,84053.8,0.0,49.5,84117.2,83990.6,84209.9
2026-09-26T22:00:00+0900,84035.3,84115.3,83833.9,83931.9,0.0,46.1,84064.6,83969.7,84183.6
2026-09-26T23:00:00+0900,83931.5,84041.9,83894.1,84014.6,0.0,48.7,84066.6,83974.6,84162.0
2026-09-27T00:00:00+0900,84014.6,84183.6,83998.2,84146.9,0.0,52.6,84061.6,83980.4,84144.2
2026-09-27T01:00:00+0900,84150.3,84150.3,84077.1,84104.3,0.0,51.2,84050.3,83993.3,84121.9
2026-09-27T02:00:00+0900,84102.2,84130.5,84020.0,84126.6,0.0,51.9,84064.8,84009.1,84116.6
2026-09-27T03:00:00+0900,84126.6,84156.5,83967.6,83994.6,0.0,47.6,84077.4,84018.4,84116.5
2026-09-27T04:00:00+0900,83994.6,84043.8,83946.7,84000.3,0.0,47.8,84074.5,84020.4,84116.2
2026-09-27T05:00:00+0900,84000.6,84080.4,83814.1,84016.3,0.0,48.4,84048.4,84020.9,84112.2
2026-09-27T06:00:00+0900,84014.6,84232.0,84014.0,84137.6,29264896.0,52.8,84055.1,84031.7,84109.9
2026-09-27T07:00:00+0900,84137.6,84394.7,84137.6,84266.4,87801856.0,57.1,84083.0,84050.8,84106.6
2026-09-27T08:00:00+0900,84266.4,84445.5,84266.4,84421.4,479308800.0,61.5,84168.4,84065.2,84109.1
2026-09-27T09:00:00+0900,84416.6,84423.3,84233.7,84291.2,0.0,56.2,84226.6,84073.1,84107.7
2026-09-27T10:00:00+0900,84291.2,84560.5,84261.0,84471.5,0.0,61.2,84317.6,84095.8,84106.6
2026-09-27T11:00:00+0900,84473.1,84522.9,84418.0,84435.3,0.0,59.7,84377.2,84110.3,84107.4
2026-09-27T12:00:00+0900,84432.9,84502.4,84352.9,84375.3,3150848.0,57.3,84399.0,84125.3,84108.2
2026-09-27T13:00:00+0900,84364.2,84482.6,84274.0,84316.8,0.0,54.9,84378.0,84140.7,84111.2
2026-09-27T14:00:00+0900,84316.8,84617.3,84300.5,84475.3,183984128.0,59.8,84414.8,84160.7,84112.9
2026-09-27T15:00:00+0900,84444.4,84613.8,84444.4,84506.5,285004800.0,60.7,84421.9,84184.2,84120.6
2026-09-27T16:00:00+0900,84495.4,84778.2,84467.4,84773.3,54238208.0,67.4,84489.4,84219.8,84130.6
2026-09-27T17:00:00+0900,84786.7,84882.5,84682.0,84775.7,989477888.0,67.4,84569.5,84246.7,84141.4
2026-09-27T18:00:00+0900,84779.8,84946.3,84575.0,84934.1,1198971904.0,70.8,84693.0,84276.3,84152.6
2026-09-27T19:00:00+0900,84927.7,85111.0,84781.8,84861.7,0.0,67.4,84770.3,84310.6,84157.4
2026-09-27T20:00:00+0900,84841.0,84935.8,84813.2,84877.0,134829056.0,67.7,84844.4,84338.8,84174.2
2026-09-27T21:00:00+0900,84877.0,85019.0,84783.9,84783.9,104830976.0,63.1,84846.5,84363.7,84194.7
2026-09-27T22:00:00+0900,84753.0,85140.5,84625.8,85011.9,298205184.0,68.7,84893.7,84402.0,84214.9
2026-09-27T23:00:00+0900,85020.6,85045.0,84438.5,84520.0,585138176.0,50.9,84810.9,84425.5,84229.0
2026-09-28T00:00:00+0900,84524.7,84634.1,84368.7,84449.5,458688512.0,48.9,84728.5,84442.9,84240.6
2026-09-28T01:00:00+0900,84449.5,84651.1,84356.3,84410.7,100177920.0,47.8,84635.2,84453.5,84243.0
2026-09-28T02:00:00+0900,84409.7,84561.9,84317.3,84559.7,0.0,52.2,84590.4,84471.7,84255.2
2026-09-28T03:00:00+0900,84549.8,84817.9,84542.4,84798.7,720132096.0,58.3,84547.7,84498.6,84260.6
2026-09-28T04:00:00+0900,84803.0,84830.8,84642.5,84717.8,0.0,55.7,84587.3,84527.5,84264.0
2026-09-28T05:00:00+0900,84719.7,84800.2,84521.0,84532.2,0.0,50.2,84603.8,84548.8,84269.8
2026-09-28T06:00:00+0900,84533.8,84709.1,84437.4,84663.4,32829440.0,53.7,84654.4,84574.7,84272.6
2026-09-28T07:00:00+0900,84676.4,84748.1,84120.0,84167.8,305612800.0,41.8,84576.0,84575.9,84269.7
2026-09-28T08:00:00+0900,84176.3,84525.7,84116.0,84462.1,0.0,49.0,84508.7,84583.7,84271.0
2026-09-28T09:00:00+0900,84460.7,84983.1,84121.9,84121.9,1196910592.0,42.5,84389.5,84571.7,84268.2
2026-09-28T10:00:00+0900,84055.4,84216.0,83601.0,83677.5,1914501120.0,35.7,84218.5,84547.2,84260.4
2026-09-28T11:00:00+0900,83674.4,83772.5,83377.1,83408.9,1474150400.0,32.4,83967.6,84504.7,84247.4
2026-09-28T12:00:00+0900,83441.0,83519.0,83200.0,83322.3,995799040.0,31.4,83798.5,84460.2,84230.7
2026-09-28T13:00:00+0900,83325.2,83496.2,83215.5,83466.2,494530560.0,35.0,83599.4,84423.8,84215.7
2026-09-28T14:00:00+0900,83477.0,83514.7,82714.8,83162.3,1711482880.0,31.2,83407.4,84377.6,84201.8
2026-09-28T15:00:00+0900,83155.4,83281.7,83015.5,83134.0,690290688.0,30.9,83298.8,84324.0,84187.4
2026-09-28T16:00:00+0900,83149.4,83252.5,82879.2,82935.8,1289037824.0,28.6,83204.1,84261.1,84170.7
2026-09-28T17:00:00+0900,82915.3,83113.9,82744.8,82913.6,1673043968.0,28.3,83122.4,84186.8,84153.8
2026-09-28T18:00:00+0900,82917.6,82961.6,82561.2,82624.2,506185728.0,25.2,82954.0,84100.7,84135.1
2026-09-28T19:00:00+0900,82636.2,83000.3,82635.1,82908.1,112453632.0,33.1,82903.1,84019.7,84120.2
2026-09-28T20:00:00+0900,82931.9,83083.0,82924.9,83058.9,864442368.0,36.9,82888.1,83947.5,84102.3
2026-09-28T21:00:00+0900,83031.7,83612.2,82979.2,83539.0,1475059712.0,47.2,83008.8,83894.0,84088.6
2026-09-28T22:00:00+0900,83549.1,83803.3,83281.1,83629.9,1588123648.0,48.9,83152.0,83847.9,84074.2
2026-09-28T23:00:00+0900,83600.0,83600.0,82573.5,82988.6,2081107968.0,39.3,83224.9,83766.9,84053.2
2026-09-29T00:00:00+0900,82994.0,83375.8,82773.8,83365.8,1812348928.0,46.0,83316.5,83720.8,84038.7
2026-09-29T01:00:00+0900,83342.4,84158.1,83227.9,83677.4,1657204736.0,50.8,83440.1,83689.9,84035.8
2026-09-29T02:00:00+0900,83698.2,84327.3,83534.5,83847.0,1368723456.0,53.3,83501.7,83667.3,84033.7
2026-09-29T03:00:00+0900,83847.0,84030.5,83767.3,84017.4,0.0,55.7,83579.2,83645.6,84036.9
2026-09-29T04:00:00+0900,84017.4,84024.0,83083.0,83346.5,1601388544.0,45.7,83650.8,83587.6,84031.8
2026-09-29T05:00:00+0900,83366.6,83582.0,83233.2,83501.5,288460800.0,48.1,83678.0,83538.9,84028.3
2026-09-29T06:00:00+0900,83518.2,83629.5,83178.6,83181.0,4431872.0,43.9,83578.7,83484.9,84018.0
2026-09-29T07:00:00+0900,83196.0,83513.3,83061.6,83513.3,0.0,48.8,83512.0,83438.8,84011.5
2026-09-29T08:00:00+0900,83513.3,83602.9,83404.8,83456.7,0.0,48.1,83399.8,83410.4,84006.0
2026-09-29T09:00:00+0900,83467.4,83586.0,83135.1,83152.3,72839168.0,44.0,83361.0,83358.0,83997.5
2026-09-29T10:00:00+0900,83137.3,83206.0,82736.0,83024.8,0.0,42.4,83265.6,83314.1,83983.7
2026-09-29T11:00:00+0900,83030.2,83128.4,82860.4,82947.3,0.0,41.4,83218.9,83284.9,83968.4
2026-09-29T12:00:00+0900,82942.0,83181.9,82841.8,83033.9,0.0,43.0,83123.0,83269.9,83956.8
2026-09-29T13:00:00+0900,83038.4,83264.9,82986.3,83170.6,0.0,45.5,83065.8,83263.8,83944.8
2026-09-29T14:00:00+0900,83172.6,83399.1,82929.2,83398.5,0.0,49.6,83115.0,83261.1,83936.7
2026-09-29T15:00:00+0900,83401.5,83980.5,83389.2,83976.0,64495616.0,58.1,83305.3,83293.7,83937.3
2026-09-29T16:00:00+0900,83976.0,84164.6,83833.3,83956.5,0.0,57.7,83507.1,83326.6,83937.1
2026-09-29T17:00:00+0900,83970.6,84331.0,83761.4,83845.9,0.0,55.6,83669.5,83363.0,83936.1
2026-09-29T18:00:00+0900,83845.9,84283.6,83729.6,84221.3,0.0,60.8,83879.6,83415.3,83940.6
2026-09-29T19:00:00+0900,84221.3,84302.3,83950.4,84000.9,0.0,56.6,84000.1,83470.4,83939.3
2026-09-29T20:00:00+0900,84000.9,84473.7,83900.0,84325.5,0.0,60.9,84070.0,83527.1,83941.0
2026-09-29T21:00:00+0900,84324.0,84450.4,84101.0,84309.2,0.0,60.5,84140.6,83577.1,83945.1
2026-09-29T22:00:00+0900,84301.6,84525.5,83997.4,84189.4,0.0,58.1,84209.3,83603.1,83945.3
2026-09-29T23:00:00+0900,84189.7,84262.5,83661.8,83717.4,0.0,49.7,84108.5,83606.6,83939.4
2026-09-30T00:00:00+0900,83721.2,83724.3,82879.2,83031.9,15495168.0,40.5,83914.7,83608.3,83925.8
2026-09-30T01:00:00+0900,83055.0,83275.5,82870.0,83030.1,0.0,40.5,83655.6,83594.9,83913.7
2026-09-30T02:00:00+0900,83035.7,83200.0,82952.5,83048.0,0.0,40.8,83403.4,83569.7,83900.8
2026-09-30T03:00:00+0900,83111.9,83670.5,83111.9,83614.1,92715008.0,50.3,83288.3,83560.4,83893.7
2026-09-30T04:00:00+0900,83608.2,83670.3,83379.9,83570.6,0.0,49.6,83259.0,83542.5,83886.6
2026-09-30T05:00:00+0900,83570.5,83634.5,83472.5,83585.3,0.0,49.8,83369.6,83552.1,83879.4
2026-09-30T06:00:00+0900,83585.3,83590.1,83338.6,83473.9,285460480.0,48.0,83458.4,83551.0,83872.5
2026-09-30T07:00:00+0900,83474.0,83679.0,83474.0,83575.1,98969600.0,49.8,83563.8,83566.7,83866.8
2026-09-30T08:00:00+0900,83583.1,83821.5,83573.9,83627.6,263245824.0,50.8,83566.5,83571.3,83861.6
2026-09-30T09:00:00+0900,83638.4,83700.0,83307.0,83418.3,0.0,46.9,83536.1,83569.8,83852.0
2026-09-30T10:00:00+0900,83417.1,83517.7,83296.3,83404.8,0.0,46.7,83499.9,83579.9,83840.5
2026-09-30T11:00:00+0900,83415.8,83584.0,83248.3,83347.7,0.0,45.6,83474.7,83592.8,83826.2
2026-09-30T12:00:00+0900,83357.5,83391.0,83120.2,83269.2,0.0,44.1,83413.5,83605.7,83812.6
2026-09-30T13:00:00+0900,83273.9,83386.7,83164.6,83168.3,0.0,42.1,83321.6,83611.0,83795.2
2026-09-30T14:00:00+0900,83179.8,83468.4,83150.9,83344.7,0.0,46.6,83306.9,83618.0,83780.7
2026-09-30T15:00:00+0900,83351.6,83391.3,82930.0,83005.9,531724288.0,40.2,83227.1,83602.3,83762.4
2026-09-30T16:00:00+0900,83007.5,83434.3,82919.0,83271.4,0.0,46.4,83211.9,83574.1,83748.5
2026-09-30T17:00:00+0900,83254.9,83293.9,82974.3,83023.1,654061568.0,42.0,83162.7,83536.8,83729.1
2026-09-30T18:00:00+0900,83023.1,83758.5,83010.4,83598.2,344741888.0,53.1,83248.7,83526.9,83717.0
2026-09-30T19:00:00+0900,83600.1,83926.1,83600.1,83883.4,3383296.0,57.4,83356.4,83513.4,83705.1
2026-09-30T20:00:00+0900,83874.2,83945.6,83657.1,83881.2,0.0,57.4,83531.5,83508.6,83693.2
2026-09-30T21:00:00+0900,83883.5,85482.7,83719.4,85258.3,2915883008.0,71.9,83928.8,83545.9,83697.5
2026-09-30T22:00:00+0900,85283.4,85604.4,84007.8,84608.8,3361605632.0,61.3,84246.0,83557.9,83694.2
2026-09-30T23:00:00+0900,84595.9,84602.9,83334.0,83753.5,3650428928.0,50.7,84277.0,83540.4,83679.2
2026-10-01T00:00:00+0900,83713.1,84235.1,83624.6,84080.5,0.0,54.0,84316.5,83555.0,83669.8
2026-10-01T01:00:00+0900,84088.3,84444.5,84074.4,84284.6,0.0,55.9,84397.1,83605.1,83660.1
2026-10-01T02:00:00+0900,84309.9,84390.2,83875.3,84007.8,277159936.0,52.6,84147.0,83644.2,83653.3
2026-10-01T03:00:00+0900,83967.7,84042.2,83755.0,83911.9,0.0,51.5,84007.7,83678.7,83646.1
2026-10-01T04:00:00+0900,83921.8,83930.1,83450.7,83550.8,230449152.0,47.4,83967.1,83676.2,83634.6
2026-10-01T05:00:00+0900,83561.5,83710.1,83473.2,83618.8,672710656.0,48.2,83874.8,83678.1,83622.1
2026-10-01T06:00:00+0900,83622.8,83771.7,83622.8,83712.6,0.0,49.4,83760.4,83683.2,83607.6
2026-10-01T07:00:00+0900,83725.9,83794.1,83550.2,83627.0,0.0,48.3,83684.2,83689.3,83593.1
2026-10-01T08:00:00+0900,83617.5,83772.0,83463.3,83556.1,290029568.0,47.4,83613.1,83688.6,83580.1
2026-10-01T09:00:00+0900,83556.4,83580.2,83367.0,83455.9,351420416.0,46.0,83594.1,83681.7,83564.0
2026-10-01T10:00:00+0900,83466.3,83639.2,83420.4,83459.6,0.0,46.1,83562.2,83683.4,83554.5
2026-10-01T11:00:00+0900,83459.6,83615.0,83351.6,83444.1,0.0,45.8,83508.6,83684.9,83540.9
2026-10-01T12:00:00+0900,83441.4,83724.7,83368.4,83695.5,301826048.0,50.3,83522.3,83698.8,83535.3
2026-10-01T13:00:00+0900,83714.2,84158.4,83660.2,84049.6,343584768.0,55.8,83621.0,83730.1,83540.2
2026-10-01T14:00:00+0900,84060.1,84320.0,83970.2,84252.1,24420352.0,58.6,83780.2,83773.4,83551.5
2026-10-01T15:00:00+0900,84252.0,84368.3,84068.3,84075.7,0.0,55.3,83903.4,83802.7,83561.5
2026-10-01T16:00:00+0900,84071.1,84178.9,83294.4,83371.8,1370468352.0,44.5,83889.0,83817.3,83560.2
2026-10-01T17:00:00+0900,83396.0,83531.8,83107.0,83517.8,807632896.0,46.8,83853.4,83827.2,83565.0
2026-10-01T18:00:00+0900,83535.4,83863.8,83503.4,83744.5,165687296.0,50.3,83792.4,83856.0,83573.1
2026-10-01T19:00:00+0900,83765.1,84055.9,83383.5,83936.3,0.0,53.1,83729.2,83869.5,83586.5
2026-10-01T20:00:00+0900,83914.1,84019.0,83743.1,83882.0,115908608.0,52.2,83690.5,83869.5,83599.4
2026-10-01T21:00:00+0900,83898.2,84030.8,83632.4,83703.9,0.0,49.3,83756.9,83862.4,83613.8
2026-10-01T22:00:00+0900,83711.8,83999.3,83416.5,83922.7,0.0,52.8,83837.9,83809.0,83627.3
2026-10-01T23:00:00+0900,83901.8,84306.5,83548.4,84013.4,0.0,54.2,83891.6,83785.1,83640.0
2026-10-02T00:00:00+0900,84026.4,84340.0,83790.0,84130.1,1128859648.0,56.0,83930.4,83800.2,83647.9
2026-10-02T01:00:00+0900,84127.4,84594.2,84032.4,84164.7,700909568.0,56.6,83986.9,83803.6,83655.0
2026-10-02T02:00:00+0900,84165.9,85048.5,84157.0,84884.0,1067284480.0,66.1,84223.0,83827.5,83680.3
2026-10-02T03:00:00+0900,84875.0,85236.0,84631.1,84769.9,868438016.0,63.7,84392.4,83858.0,83699.0
2026-10-02T04:00:00+0900,84769.9,84864.8,84544.4,84644.9,0.0,61.1,84518.7,83887.4,83711.9
2026-10-02T05:00:00+0900,84640.2,84823.8,84528.2,84607.1,712759296.0,60.3,84614.1,83929.6,83722.1
2026-10-02T06:00:00+0900,84605.4,84665.0,84462.5,84521.1,144932864.0,58.4,84685.4,83965.7,83728.8
2026-10-02T07:00:00+0900,84525.5,84769.9,84525.5,84719.2,276924416.0,61.4,84652.5,84006.0,83747.1
2026-10-02T08:00:00+0900,84707.0,84882.0,84616.9,84846.8,0.0,63.3,84667.8,84054.8,83765.0
2026-10-02T09:00:00+0900,84848.7,84918.0,84675.5,84762.8,288405504.0,61.2,84691.4,84103.0,83786.1
2026-10-02T10:00:00+0900,84770.2,84967.0,84496.6,84865.0,0.0,62.8,84743.0,84159.4,83804.1
2026-10-02T11:00:00+0900,84877.2,85170.0,84827.3,85167.4,378359808.0,67.1,84872.2,84227.7,83826.9
2026-10-02T12:00:00+0900,85155.9,85529.1,85155.9,85485.8,932847616.0,70.9,85025.6,84309.4,83858.1
2026-10-02T13:00:00+0900,85496.8,86840.3,85434.4,86641.7,2860763136.0,80.0,85384.5,84427.2,83906.3
2026-10-02T14:00:00+0900,86628.0,86650.0,85874.8,85980.0,880967680.0,67.1,85628.0,84504.4,83946.7
2026-10-02T15:00:00+0900,85990.7,86079.0,85859.1,85964.4,810610688.0,66.8,85847.9,84572.9,83985.8
2026-10-02T16:00:00+0900,85958.2,86152.9,85749.8,86088.5,0.0,67.9,86032.1,84653.4,84024.7
2026-10-02T17:00:00+0900,86095.7,86605.0,86059.1,86235.6,0.0,69.2,86182.0,84768.0,84062.5
2026-10-02T18:00:00+0900,86235.6,86423.5,86100.0,86352.3,262471680.0,70.3,86124.2,84881.4,84094.2
2026-10-02T19:00:00+0900,86362.4,86486.8,86160.2,86281.0,143347712.0,68.8,86184.4,84982.8,84125.2
2026-10-02T20:00:00+0900,86291.5,86564.1,86259.7,86412.2,149467136.0,70.1,86273.9,85081.9,84159.4
2026-10-02T21:00:00+0900,86374.5,87178.0,86295.0,86810.5,2316148736.0,73.6,86418.3,85199.0,84193.9
2026-10-02T22:00:00+0900,86807.0,87149.6,86454.1,86555.0,343552000.0,68.0,86482.2,85313.0,84228.0
2026-10-02T23:00:00+0900,86550.0,86839.0,85427.5,85671.0,1301839872.0,52.9,86345.9,85383.0,84245.9
2026-10-03T00:00:00+0900,85709.0,85737.9,85151.6,85316.4,0.0,48.3,86153.0,85435.1,84259.4
2026-10-03T01:00:00+0900,85316.3,85500.0,85001.6,85143.5,12947456.0,46.2,85899.3,85475.6,84272.1
2026-10-03T02:00:00+0900,85150.0,85243.2,84504.0,84776.1,1313325056.0,42.0,85492.4,85500.1,84286.2
2026-10-03T03:00:00+0900,84760.0,84890.0,83853.2,84230.1,996163584.0,36.6,85027.4,85473.9,84302.2
2026-10-03T04:00:00+0900,84240.3,84320.1,83959.7,84294.3,1102778368.0,37.6,84752.1,85454.9,84319.0
2026-10-03T05:00:00+0900,84293.9,84519.1,84200.6,84430.5,708255744.0,39.8,84574.9,85446.3,84337.5
2026-10-03T06:00:00+0900,84419.2,84536.1,84400.1,84514.0,37175296.0,41.2,84449.0,85442.6,84349.5
2026-10-03T07:00:00+0900,84514.0,84551.0,84440.0,84549.6,155701248.0,41.8,84403.7,85443.8,84362.5
2026-10-03T08:00:00+0900,84549.6,84559.4,84462.1,84504.9,18960384.0,41.2,84458.7,85435.2,84374.8
2026-10-03T09:00:00+0900,84508.4,84673.6,84433.2,84638.7,0.0,43.7,84527.6,85426.9,84390.3
2026-10-03T10:00:00+0900,84648.4,84710.1,84586.0,84628.1,0.0,43.5,84567.1,85421.5,84404.4
2026-10-03T11:00:00+0900,84628.1,84684.3,84585.0,84585.0,0.0,42.9,84581.3,85410.3,84417.1
2026-10-03T12:00:00+0900,84585.0,84681.0,84513.0,84681.0,0.0,44.9,84607.6,85390.8,84434.0
2026-10-03T13:00:00+0900,84688.4,84718.3,84504.5,84573.8,0.0,43.1,84621.3,85354.3,84449.5
2026-10-03T14:00:00+0900,84573.8,84649.8,84538.0,84629.2,0.0,44.3,84619.4,85273.8,84466.6
2026-10-03T15:00:00+0900,84629.2,84665.9,84540.8,84554.1,0.0,42.9,84604.6,85216.8,84483.8
2026-10-03T16:00:00+0900,84572.3,84643.0,84545.0,84552.1,0.0,42.9,84598.1,85160.3,84502.2
2026-10-03T17:00:00+0900,84540.2,84637.9,84539.6,84593.1,0.0,44.0,84580.5,85100.5,84518.9
2026-10-03T18:00:00+0900,84599.0,84654.1,84565.0,84583.3,0.0,43.8,84582.4,85034.4,84539.9
2026-10-03T19:00:00+0900,84580.5,84629.4,84550.0,84621.1,0.0,44.9,84580.7,84965.2,84557.9
2026-10-03T20:00:00+0900,84621.0,84676.2,84604.4,84661.9,0.0,46.2,84602.3,84900.4,84579.7
2026-10-03T21:00:00+0900,84661.9,84913.7,84660.0,84864.8,0.0,52.2,84664.8,84838.5,84596.6
2026-10-03T22:00:00+0900,84882.6,84955.0,84764.7,84857.4,0.0,52.0,84717.7,84760.4,84609.6
2026-10-03T23:00:00+0900,84857.4,84857.5,84736.9,84843.0,0.0,51.5,84769.6,84691.9,84622.4
2026-10-04T00:00:00+0900,84843.0,84867.7,84760.8,84862.2,0.0,52.1,84817.8,84659.5,84617.2
2026-10-04T01:00:00+0900,84862.2,84869.0,84773.0,84853.1,0.0,51.8,84856.1,84641.0,84620.4
2026-10-04T02:00:00+0900,84860.3,85000.0,84825.8,84991.0,0.0,56.4,84881.3,84634.9,84636.9
2026-10-04T03:00:00+0900,84991.0,85020.0,84903.1,84933.6,0.0,54.1,84896.6,84641.2,84648.3
2026-10-04T04:00:00+0900,84933.6,84933.7,84706.6,84837.0,0.0,50.3,84895.4,84665.5,84655.7
2026-10-04T05:00:00+0900,84837.0,84904.8,84723.4,84739.2,0.0,46.8,84870.8,84683.3,84665.4
2026-10-04T06:00:00+0900,84737.6,84768.1,84552.5,84708.6,0.0,45.7,84841.9,84694.4,84676.0
2026-10-04T07:00:00+0900,84708.6,84799.0,84687.2,84755.9,0.0,47.7,84794.9,84704.1,84692.1
2026-10-04T08:00:00+0900,84756.0,84798.1,84715.1,84742.2,134407168.0,47.2,84756.6,84711.8,84707.1
2026-10-04T09:00:00+0900,84745.6,84862.0,84745.6,84786.5,0.0,49.2,84746.5,84723.0,84721.4
2026-10-04T10:00:00+0900,84788.2,84807.1,84702.4,84794.5,44868608.0,49.6,84757.5,84729.3,84737.0
2026-10-04T11:00:00+0900,84794.7,84851.0,84763.5,84790.0,0.0,49.4,84773.8,84735.7,84753.4
2026-10-04T12:00:00+0900,84790.1,84876.4,84780.4,84824.4,0.0,51.1,84787.5,84745.3,84771.7
2026-10-04T13:00:00+0900,84837.4,84840.5,84799.0,84805.0,35645440.0,50.1,84800.1,84750.3,84789.6
2026-10-04T14:00:00+0900,84805.0,84919.3,84805.0,84896.5,181683200.0,54.9,84822.1,84763.2,84809.0
2026-10-04T15:00:00+0900,84896.6,85058.4,84855.2,85013.2,100636672.0,60.2,84865.8,84778.5,84826.5
2026-10-04T16:00:00+0900,85013.2,85100.0,84916.5,85093.0,0.0,63.3,84926.4,84800.1,84840.4
2026-10-04T17:00:00+0900,85098.7,85189.0,85027.7,85093.8,112050176.0,63.4,84980.3,84821.8,84851.7
2026-10-04T18:00:00+0900,85092.1,85324.7,85038.0,85219.4,211197952.0,68.0,85063.2,84846.8,84866.9
2026-10-04T19:00:00+0900,85239.2,85422.9,85207.4,85260.3,135639040.0,69.4,85135.9,84873.9,84892.1
2026-10-04T20:00:00+0900,85260.3,85322.5,85200.0,85304.2,74296320.0,70.8,85194.1,84901.2,84915.9
2026-10-04T21:00:00+0900,85304.2,85384.0,85076.7,85127.4,0.0,58.8,85201.0,84919.8,84934.4
2026-10-04T22:00:00+0900,85109.7,85306.0,85108.4,85233.9,0.0,62.9,85229.0,84934.6,84951.7
2026-10-04T23:00:00+0900,85233.9,85276.4,85082.6,85276.4,0.0,64.4,85240.4,84951.4,84970.2
2026-10-05T00:00:00+0900,85276.4,85468.4,85235.7,85245.0,0.0,62.4,85237.3,84967.4,84990.8
2026-10-05T01:00:00+0900,85243.0,85433.1,85168.0,85358.3,34985984.0,66.5,85248.2,84987.3,85009.9
2026-10-05T02:00:00+0900,85358.3,85447.7,85297.8,85302.9,0.0,62.9,85283.3,85005.3,85027.1
2026-10-05T03:00:00+0900,85302.9,85353.2,85295.2,85325.1,0.0,63.7,85301.5,85018.6,85043.1
2026-10-05T04:00:00+0900,85328.3,85561.4,85325.1,85417.5,73312256.0,67.1,85329.7,85038.0,85059.8
2026-10-05T05:00:00+0900,85421.6,85863.6,85382.0,85812.0,235333632.0,76.9,85443.2,85077.0,85072.1
2026-10-05T06:00:00+0900,85822.8,86051.0,85770.2,85846.0,497449984.0,77.6,85540.7,85121.3,85086.5
2026-10-05T07:00:00+0900,85871.4,86685.7,85871.4,86423.0,1507642368.0,85.0,85764.7,85189.8,85110.2
2026-10-05T08:00:00+0900,86398.0,86779.3,86378.8,86513.0,660784128.0,85.8,86002.3,85260.1,85135.6
2026-10-05T09:00:00+0900,86488.1,86701.5,86172.1,86632.0,533257216.0,86.8,86245.2,85335.7,85163.7
2026-10-05T10:00:00+0900,86624.1,86991.2,86453.6,86596.9,1239603200.0,84.9,86402.2,85408.1,85188.8
2026-10-05T11:00:00+0900,86598.7,86720.4,86393.3,86509.7,574163968.0,80.2,86534.9,85476.7,85211.0
2026-10-05T12:00:00+0900,86509.7,86512.5,85986.5,86052.3,451784704.0,61.3,86460.8,85527.2,85228.2
2026-10-05T13:00:00+0900,86060.5,86113.9,85475.0,85505.4,1214771200.0,47.0,86259.3,85554.5,85236.7
2026-10-05T14:00:00+0900,85534.2,85763.9,85395.8,85740.2,752158720.0,52.1,86080.9,85591.9,85244.3
2026-10-05T15:00:00+0900,85739.5,86338.0,85739.5,86239.4,451186688.0,60.9,86009.4,85645.6,85254.4
2026-10-05T16:00:00+0900,86223.2,86439.0,86103.0,86235.3,1262336000.0,60.8,85954.5,85694.5,85249.0
2026-10-05T17:00:00+0900,86230.9,86469.9,86041.7,86201.8,703399936.0,59.9,85984.4,85738.8,85251.9
2026-10-05T18:00:00+0900,86194.5,86199.8,85758.1,85961.3,1010284544.0,54.1,86075.6,85773.5,85251.9
2026-10-05T19:00:00+0900,85961.3,86192.7,85928.4,86102.6,168534016.0,56.8,86148.1,85808.9,85252.1
2026-10-05T20:00:00+0900,86097.4,86245.4,85909.3,86193.4,442132480.0,58.4,86138.9,85846.2,85251.5
2026-10-05T21:00:00+0900,86179.2,86180.0,85829.8,85870.3,166045696.0,50.9,86065.9,85868.8,85245.1
2026-10-05T22:00:00+0900,85870.3,86471.4,85817.4,86419.5,1189167104.0,60.3,86109.4,85920.5,85246.9
2026-10-05T23:00:00+0900,86396.4,86694.9,85443.8,85618.1,2001108992.0,46.4,86040.8,85935.9,85236.3
2026-10-06T00:00:00+0900,85608.1,85652.0,85198.5,85250.4,1864065024.0,41.6,85870.3,85934.8,85215.5
2026-10-06T01:00:00+0900,85259.0,85321.7,84970.8,85295.7,1402781696.0,42.4,85690.8,85936.9,85198.7
2026-10-06T02:00:00+0900,85288.7,85436.7,85201.6,85428.1,307460096.0,44.7,85602.3,85939.7,85195.5
2026-10-06T03:00:00+0900,85430.9,85665.3,85351.2,85658.3,748998656.0,48.6,85450.1,85953.9,85200.1
2026-10-06T04:00:00+0900,85664.8,85797.8,85552.7,85711.4,144476160.0,49.5,85468.8,85969.3,85207.6
2026-10-06T05:00:00+0900,85733.3,85862.0,85640.6,85772.1,0.0,50.5,85573.1,85983.5,85220.9
2026-10-06T06:00:00+0900,85777.0,85982.5,85693.1,85948.5,708773888.0,53.6,85703.7,85989.0,85243.8
2026-10-06T07:00:00+0900,85941.3,86022.7,85840.5,85929.4,0.0,53.2,85803.9,85992.3,85265.6
2026-10-06T08:00:00+0900,85929.4,86061.7,85717.1,85749.0,0.0,49.6,85822.1,85965.4,85283.2
2026-10-06T09:00:00+0900,85766.8,85968.6,85762.3,85902.0,0.0,52.5,85860.2,85940.9,85301.7
2026-10-06T10:00:00+0900,85950.5,86131.5,85594.8,85613.3,0.0,47.0,85828.4,85900.2,85315.9
2026-10-06T11:00:00+0900,85656.5,85745.6,85448.3,85526.8,0.0,45.5,85744.1,85857.4,85329.5
2026-10-06T12:00:00+0900,85522.5,85581.9,85304.7,85476.1,0.0,44.6,85653.4,85816.0,85340.7
2026-10-06T13:00:00+0900,85497.7,85616.9,85493.9,85605.6,0.0,47.5,85624.8,85798.2,85353.7
2026-10-06T14:00:00+0900,85605.6,85735.4,85489.4,85496.5,0.0,45.3,85543.7,85797.8,85365.9
2026-10-06T15:00:00+0900,85496.5,85496.5,85113.0,85282.9,0.0,41.3,85477.6,85779.5,85373.9
2026-10-06T16:00:00+0900,85289.3,85613.4,85251.5,85539.5,0.0,47.3,85480.1,85751.5,85386.8
2026-10-06T17:00:00+0900,85546.2,86040.2,85546.2,86003.6,208711680.0,56.1,85585.6,85742.2,85405.1
2026-10-06T18:00:00+0900,86003.6,86181.4,85697.9,85971.9,0.0,55.4,85658.9,85733.0,85424.0
2026-10-06T19:00:00+0900,85950.0,86248.0,85932.6,86140.0,224972800.0,58.2,85787.6,85740.2,85445.2
2026-10-06T20:00:00+0900,86150.4,86358.6,86053.9,86236.2,380530688.0,59.8,85978.2,85745.5,85467.1
2026-10-06T21:00:00+0900,86240.1,86394.0,86113.1,86193.8,184084480.0,58.8,86109.1,85745.6,85488.5
2026-10-06T22:00:00+0900,86177.5,86476.9,85966.7,86306.9,10012672.0,60.8,86169.7,85763.0,85511.0
2026-10-06T23:00:00+0900,86300.5,86625.0,85936.5,86600.0,0.0,65.5,86295.4,85770.2,85536.9
2026-10-07T00:00:00+0900,86616.9,86689.7,85709.3,85710.0,233621504.0,47.1,86209.4,85773.9,85548.1
2026-10-07T01:00:00+0900,85716.0,85841.4,85566.0,85576.1,128487424.0,45.0,86077.4,85786.9,85557.7
2026-10-07T02:00:00+0900,85576.1,85742.3,85474.2,85719.4,212365312.0,47.7,85982.5,85803.9,85569.4
2026-10-07T03:00:00+0900,85742.7,85800.0,85486.5,85494.0,61319168.0,44.1,85819.9,85806.5,85577.8
2026-10-07T04:00:00+0900,85492.8,85666.5,85405.2,85610.0,112408576.0,46.3,85621.9,85804.6,85587.9
2026-10-07T05:00:00+0900,85616.5,85666.5,85565.3,85607.6,67641344.0,46.3,85601.4,85800.4,85596.1
2026-10-07T06:00:00+0900,85619.1,85619.1,85482.8,85614.7,0.0,46.4,85609.1,85794.1,85605.2
2026-10-07T07:00:00+0900,85614.6,85653.6,85469.0,85527.2,0.0,44.8,85570.7,85777.3,85614.4
2026-10-07T08:00:00+0900,85527.2,85609.6,85343.0,85547.8,0.0,45.2,85581.4,85762.0,85625.2
2026-10-07T09:00:00+0900,85539.5,85596.8,85391.9,85535.5,0.0,45.0,85566.5,85753.5,85636.2
2026-10-07T10:00:00+0900,85533.0,85533.0,84391.4,84391.4,0.0,28.5,85323.3,85693.1,85631.4
2026-10-07T11:00:00+0900,84361.0,84425.9,83573.9,83847.6,5156188160.0,24.0,84969.9,85622.4,85619.4
2026-10-07T12:00:00+0900,83841.1,84218.5,83841.1,84122.5,755222528.0,30.0,84689.0,85566.3,85610.6
2026-10-07T13:00:00+0900,84112.3,84193.4,84004.6,84075.8,483747840.0,29.6,84394.6,85510.3,85601.0
2026-10-07T14:00:00+0900,84075.8,84323.0,84061.0,84311.5,435034112.0,34.6,84149.8,85458.5,85594.6
2026-10-07T15:00:00+0900,84303.8,84358.4,84114.7,84200.0,51724288.0,33.4,84111.5,85406.6,85586.3
2026-10-07T16:00:00+0900,84190.9,84286.2,84070.0,84100.1,481282048.0,32.3,84162.0,85359.3,85576.9
2026-10-07T17:00:00+0900,84108.6,84152.4,83913.0,83924.0,1480863744.0,30.4,84122.3,85294.7,85563.9
2026-10-07T18:00:00+0900,83939.6,83981.2,83620.0,83784.3,1181593600.0,28.9,84064.0,85205.9,85547.6
2026-10-07T19:00:00+0900,83784.3,83910.7,83533.5,83719.7,467386368.0,28.3,83945.6,85115.8,85529.2
2026-10-07T20:00:00+0900,83718.9,83809.9,83524.1,83709.5,315936768.0,28.2,83847.5,85018.6,85510.8
2026-10-07T21:00:00+0900,83697.5,83734.3,83382.2,83464.0,535306240.0,25.5,83720.3,84907.7,85487.4
2026-10-07T22:00:00+0900,83464.1,83523.1,82733.3,83139.7,1586176000.0,22.6,83563.5,84785.6,85459.1
2026-10-07T23:00:00+0900,83162.3,83254.0,82883.8,82974.2,478482432.0,21.2,83401.4,84652.3,85428.0
2026-10-08T00:00:00+0900,82970.9,83421.6,82769.0,83417.4,0.0,32.9,83341.0,84525.0,85405.2
2026-10-08T01:00:00+0900,83402.4,83650.0,83314.3,83345.0,155459584.0,32.0,83268.1,84430.4,85380.1
2026-10-08T02:00:00+0900,83340.5,83583.1,82989.9,83116.1,308822016.0,29.5,83198.5,84332.0,85351.3
2026-10-08T03:00:00+0900,83098.0,83431.0,83098.0,83372.8,0.0,35.7,83245.1,84238.1,85326.3
2026-10-08T04:00:00+0900,83372.8,83476.8,83257.7,83392.0,232996864.0,36.1,83328.7,84154.0,85300.1
2026-10-08T05:00:00+0900,83397.5,83567.6,83280.0,83374.0,114831360.0,35.9,83320.0,84064.6,85274.4
2026-10-08T06:00:00+0900,83382.8,83410.0,83071.1,83109.6,51474432.0,32.3,83272.9,83964.7,85244.8
2026-10-08T07:00:00+0900,83116.1,83291.0,83088.3,83192.2,216334336.0,34.5,83288.1,83867.8,85215.1
2026-10-08T08:00:00+0900,83186.5,83372.0,83081.7,83275.1,175456256.0,36.7,83268.6,83777.7,85181.3
2026-10-08T09:00:00+0900,83275.1,83390.9,83164.0,83327.8,371392512.0,38.2,83255.7,83688.9,85147.7
2026-10-08T10:00:00+0900,83321.1,83471.8,83042.1,83057.0,0.0,33.9,83192.3,83589.7,85102.9
2026-10-08T11:00:00+0900,83064.3,83234.0,82874.0,83116.1,0.0,35.6,83193.6,83538.7,85057.6
2026-10-08T12:00:00+0900,83116.1,83148.9,82594.8,82695.6,0.0,29.7,83094.3,83492.6,85005.1
2026-10-08T13:00:00+0900,82715.0,82878.0,82213.2,82593.1,1373134848.0,28.5,82957.9,83431.5,84951.7
2026-10-08T14:00:00+0900,82585.3,82974.8,82504.0,82624.9,1023840256.0,29.5,82817.3,83373.4,84899.9
2026-10-08T15:00:00+0900,82617.9,82902.4,82440.6,82815.3,0.0,35.2,82769.0,83313.6,84856.7
2026-10-08T16:00:00+0900,82816.7,83226.8,82655.6,82938.7,0.0,38.6,82733.5,83263.1,84822.5
2026-10-08T17:00:00+0900,82934.9,82998.6,82725.8,82812.0,0.0,36.5,82756.8,83211.6,84783.5
2026-10-08T18:00:00+0900,82819.9,83113.1,82766.1,83059.9,0.0,43.1,82850.1,83177.0,84741.1
2026-10-08T19:00:00+0900,83060.8,83118.9,82533.3,82660.4,0.0,36.5,82857.2,83132.1,84693.4
2026-10-08T20:00:00+0900,82655.5,82671.2,82263.2,82429.1,325709824.0,33.3,82780.0,83080.5,84643.1
2026-10-08T21:00:00+0900,82417.3,82445.4,82015.2,82256.8,0.0,31.1,82643.6,83022.3,84593.7
2026-10-08T22:00:00+0900,82247.4,82578.5,81725.0,82109.7,0.0,29.3,82503.2,82968.2,84540.5
2026-10-08T23:00:00+0900,82094.1,82722.2,82060.1,82643.4,249133056.0,42.2,82419.9,82948.3,84493.1
2026-10-09T00:00:00+0900,82637.2,82637.2,80899.5,80990.0,5262915584.0,26.3,82085.8,82869.0,84428.1
2026-10-09T01:00:00+0900,80936.5,81380.6,80800.1,80886.4,3483254784.0,25.6,81777.3,82767.7,84354.3
2026-10-09T02:00:00+0900,80882.7,80930.4,80322.6,80666.5,2281238528.0,24.2,81459.2,82660.6,84288.3
2026-10-09T03:00:00+0900,80696.8,81502.1,80468.4,81437.7,1877544960.0,37.0,81324.8,82593.4,84237.4
2026-10-09T04:00:00+0900,81457.3,81778.8,81373.1,81709.0,203173888.0,40.8,81137.9,82526.9,84189.6
2026-10-09T05:00:00+0900,81719.8,81829.5,81632.9,81736.2,361734144.0,41.2,81287.2,82460.7,84140.4
2026-10-09T06:00:00+0900,81732.2,81738.4,81534.5,81622.6,0.0,40.0,81434.4,82390.6,84086.6
2026-10-09T07:00:00+0900,81656.8,81891.0,81606.9,81839.3,138797056.0,43.3,81669.0,82339.8,84035.0
2026-10-09T08:00:00+0900,81839.3,81876.5,81755.9,81812.9,0.0,43.0,81744.0,82284.6,83982.2
2026-10-09T09:00:00+0900,81693.4,81841.4,81631.9,81742.1,602071040.0,42.1,81750.6,82223.3,83926.1
2026-10-09T10:00:00+0900,81726.5,81933.3,81549.8,81912.0,666349568.0,45.0,81785.8,82166.7,83872.5
2026-10-09T11:00:00+0900,81922.7,82296.0,81842.6,82056.1,1606086656.0,47.4,81872.5,82126.6,83823.3
